game_id,posteam,play_type,yards_gained,fumble_lost,interception,away_score,home_score,away_team,home_team,week,turnover
2021_01_ARI_TEN,ARI,pass,280.0,0.0,1.0,38,13,ARI,TEN,1,1.0
2021_01_ARI_TEN,ARI,run,136.0,0.0,0.0,38,13,ARI,TEN,1,0.0
2021_01_ARI_TEN,TEN,pass,162.0,2.0,1.0,38,13,ARI,TEN,1,3.0
2021_01_ARI_TEN,TEN,run,86.0,0.0,0.0,38,13,ARI,TEN,1,0.0
2021_01_BAL_LV,BAL,pass,217.0,1.0,0.0,27,33,BAL,LV,1,1.0
2021_01_BAL_LV,BAL,run,190.0,1.0,0.0,27,33,BAL,LV,1,1.0
2021_01_BAL_LV,LV,pass,409.0,0.0,1.0,27,33,BAL,LV,1,1.0
2021_01_BAL_LV,LV,run,82.0,0.0,0.0,27,33,BAL,LV,1,0.0
2021_01_CHI_LA,CHI,pass,188.0,1.0,1.0,14,34,CHI,LA,1,2.0
2021_01_CHI_LA,CHI,run,134.0,0.0,0.0,14,34,CHI,LA,1,0.0
2021_01_CHI_LA,LA,pass,312.0,0.0,0.0,14,34,CHI,LA,1,0.0
2021_01_CHI_LA,LA,run,80.0,0.0,0.0,14,34,CHI,LA,1,0.0
2021_01_CLE_KC,CLE,pass,304.0,0.0,1.0,29,33,CLE,KC,1,1.0
2021_01_CLE_KC,CLE,run,155.0,1.0,0.0,29,33,CLE,KC,1,1.0
2021_01_CLE_KC,KC,pass,324.0,0.0,0.0,29,33,CLE,KC,1,0.0
2021_01_CLE_KC,KC,run,75.0,0.0,0.0,29,33,CLE,KC,1,0.0
2021_01_DAL_TB,DAL,pass,391.0,0.0,1.0,29,31,DAL,TB,1,1.0
2021_01_DAL_TB,DAL,run,60.0,0.0,0.0,29,31,DAL,TB,1,0.0
2021_01_DAL_TB,TB,pass,379.0,1.0,2.0,29,31,DAL,TB,1,3.0
2021_01_DAL_TB,TB,run,52.0,1.0,0.0,29,31,DAL,TB,1,1.0
2021_01_DEN_NYG,DEN,pass,255.0,1.0,0.0,27,13,DEN,NYG,1,1.0
2021_01_DEN_NYG,DEN,run,165.0,0.0,0.0,27,13,DEN,NYG,1,0.0
2021_01_DEN_NYG,NYG,pass,254.0,0.0,0.0,27,13,DEN,NYG,1,0.0
2021_01_DEN_NYG,NYG,run,61.0,1.0,0.0,27,13,DEN,NYG,1,1.0
2021_01_GB_NO,GB,pass,186.0,1.0,2.0,3,38,GB,NO,1,3.0
2021_01_GB_NO,GB,run,43.0,0.0,0.0,3,38,GB,NO,1,0.0
2021_01_GB_NO,NO,pass,151.0,0.0,0.0,3,38,GB,NO,1,0.0
2021_01_GB_NO,NO,run,172.0,0.0,0.0,3,38,GB,NO,1,0.0
2021_01_JAX_HOU,HOU,pass,289.0,0.0,0.0,21,37,JAX,HOU,1,0.0
2021_01_JAX_HOU,HOU,run,161.0,0.0,0.0,21,37,JAX,HOU,1,0.0
2021_01_JAX_HOU,JAX,pass,319.0,0.0,3.0,21,37,JAX,HOU,1,3.0
2021_01_JAX_HOU,JAX,run,78.0,0.0,0.0,21,37,JAX,HOU,1,0.0
2021_01_LAC_WAS,LAC,pass,334.0,1.0,1.0,20,16,LAC,WAS,1,2.0
2021_01_LAC_WAS,LAC,run,93.0,0.0,0.0,20,16,LAC,WAS,1,0.0
2021_01_LAC_WAS,WAS,pass,133.0,0.0,0.0,20,16,LAC,WAS,1,0.0
2021_01_LAC_WAS,WAS,run,126.0,1.0,0.0,20,16,LAC,WAS,1,1.0
2021_01_MIA_NE,MIA,pass,185.0,0.0,1.0,17,16,MIA,NE,1,1.0
2021_01_MIA_NE,MIA,run,76.0,0.0,0.0,17,16,MIA,NE,1,0.0
2021_01_MIA_NE,NE,pass,268.0,1.0,0.0,17,16,MIA,NE,1,1.0
2021_01_MIA_NE,NE,run,125.0,1.0,0.0,17,16,MIA,NE,1,1.0
2021_01_MIN_CIN,CIN,pass,217.0,0.0,0.0,24,27,MIN,CIN,1,0.0
2021_01_MIN_CIN,CIN,run,149.0,0.0,0.0,24,27,MIN,CIN,1,0.0
2021_01_MIN_CIN,MIN,pass,336.0,0.0,0.0,24,27,MIN,CIN,1,0.0
2021_01_MIN_CIN,MIN,run,67.0,1.0,0.0,24,27,MIN,CIN,1,1.0
2021_01_NYJ_CAR,CAR,pass,270.0,0.0,0.0,14,19,NYJ,CAR,1,0.0
2021_01_NYJ_CAR,CAR,run,117.0,1.0,0.0,14,19,NYJ,CAR,1,1.0
2021_01_NYJ_CAR,NYJ,pass,207.0,0.0,1.0,14,19,NYJ,CAR,1,1.0
2021_01_NYJ_CAR,NYJ,run,47.0,0.0,0.0,14,19,NYJ,CAR,1,0.0
2021_01_PHI_ATL,ATL,pass,136.0,0.0,0.0,32,6,PHI,ATL,1,0.0
2021_01_PHI_ATL,ATL,run,124.0,0.0,0.0,32,6,PHI,ATL,1,0.0
2021_01_PHI_ATL,PHI,pass,261.0,0.0,0.0,32,6,PHI,ATL,1,0.0
2021_01_PHI_ATL,PHI,run,175.0,0.0,0.0,32,6,PHI,ATL,1,0.0
2021_01_PIT_BUF,BUF,pass,254.0,1.0,0.0,23,16,PIT,BUF,1,1.0
2021_01_PIT_BUF,BUF,run,117.0,0.0,0.0,23,16,PIT,BUF,1,0.0
2021_01_PIT_BUF,PIT,pass,177.0,0.0,0.0,23,16,PIT,BUF,1,0.0
2021_01_PIT_BUF,PIT,run,78.0,0.0,0.0,23,16,PIT,BUF,1,0.0
2021_01_SEA_IND,IND,pass,223.0,0.0,0.0,28,16,SEA,IND,1,0.0
2021_01_SEA_IND,IND,run,113.0,1.0,0.0,28,16,SEA,IND,1,1.0
2021_01_SEA_IND,SEA,pass,241.0,0.0,0.0,28,16,SEA,IND,1,0.0
2021_01_SEA_IND,SEA,run,140.0,1.0,0.0,28,16,SEA,IND,1,1.0
2021_01_SF_DET,DET,pass,318.0,0.0,1.0,41,33,SF,DET,1,1.0
2021_01_SF_DET,DET,run,116.0,0.0,0.0,41,33,SF,DET,1,0.0
2021_01_SF_DET,SF,pass,311.0,1.0,0.0,41,33,SF,DET,1,1.0
2021_01_SF_DET,SF,run,132.0,1.0,0.0,41,33,SF,DET,1,1.0
2021_02_ATL_TB,ATL,pass,293.0,0.0,3.0,25,48,ATL,TB,2,3.0
2021_02_ATL_TB,ATL,run,57.0,0.0,0.0,25,48,ATL,TB,2,0.0
2021_02_ATL_TB,TB,pass,259.0,1.0,0.0,25,48,ATL,TB,2,1.0
2021_02_ATL_TB,TB,run,85.0,0.0,0.0,25,48,ATL,TB,2,0.0
2021_02_BUF_MIA,BUF,pass,171.0,1.0,1.0,35,0,BUF,MIA,2,2.0
2021_02_BUF_MIA,BUF,run,145.0,0.0,0.0,35,0,BUF,MIA,2,0.0
2021_02_BUF_MIA,MIA,pass,145.0,1.0,1.0,35,0,BUF,MIA,2,2.0
2021_02_BUF_MIA,MIA,run,72.0,0.0,0.0,35,0,BUF,MIA,2,0.0
2021_02_CIN_CHI,CHI,pass,83.0,0.0,1.0,17,20,CIN,CHI,2,1.0
2021_02_CIN_CHI,CHI,run,127.0,0.0,0.0,17,20,CIN,CHI,2,0.0
2021_02_CIN_CHI,CIN,pass,179.0,1.0,3.0,17,20,CIN,CHI,2,4.0
2021_02_CIN_CHI,CIN,run,69.0,0.0,0.0,17,20,CIN,CHI,2,0.0
2021_02_DAL_LAC,DAL,pass,221.0,0.0,1.0,20,17,DAL,LAC,2,1.0
2021_02_DAL_LAC,DAL,run,198.0,0.0,0.0,20,17,DAL,LAC,2,0.0
2021_02_DAL_LAC,LAC,pass,313.0,0.0,2.0,20,17,DAL,LAC,2,2.0
2021_02_DAL_LAC,LAC,run,97.0,0.0,0.0,20,17,DAL,LAC,2,0.0
2021_02_DEN_JAX,DEN,pass,302.0,0.0,0.0,23,13,DEN,JAX,2,0.0
2021_02_DEN_JAX,DEN,run,98.0,0.0,0.0,23,13,DEN,JAX,2,0.0
2021_02_DEN_JAX,JAX,pass,114.0,0.0,2.0,23,13,DEN,JAX,2,2.0
2021_02_DEN_JAX,JAX,run,75.0,0.0,0.0,23,13,DEN,JAX,2,0.0
2021_02_DET_GB,DET,pass,236.0,0.0,1.0,17,35,DET,GB,2,1.0
2021_02_DET_GB,DET,run,108.0,1.0,0.0,17,35,DET,GB,2,1.0
2021_02_DET_GB,GB,pass,227.0,0.0,0.0,17,35,DET,GB,2,0.0
2021_02_DET_GB,GB,run,100.0,0.0,0.0,17,35,DET,GB,2,0.0
2021_02_HOU_CLE,CLE,pass,199.0,1.0,1.0,21,31,HOU,CLE,2,2.0
2021_02_HOU_CLE,CLE,run,159.0,0.0,0.0,21,31,HOU,CLE,2,0.0
2021_02_HOU_CLE,HOU,pass,220.0,0.0,1.0,21,31,HOU,CLE,2,1.0
2021_02_HOU_CLE,HOU,run,82.0,0.0,0.0,21,31,HOU,CLE,2,0.0
2021_02_KC_BAL,BAL,pass,230.0,0.0,2.0,35,36,KC,BAL,2,2.0
2021_02_KC_BAL,BAL,run,252.0,0.0,0.0,35,36,KC,BAL,2,0.0
2021_02_KC_BAL,KC,pass,343.0,0.0,1.0,35,36,KC,BAL,2,1.0
2021_02_KC_BAL,KC,run,62.0,1.0,0.0,35,36,KC,BAL,2,1.0
2021_02_LA_IND,IND,pass,247.0,0.0,2.0,27,24,LA,IND,2,2.0
2021_02_LA_IND,IND,run,109.0,0.0,0.0,27,24,LA,IND,2,0.0
2021_02_LA_IND,LA,pass,270.0,0.0,1.0,27,24,LA,IND,2,1.0
2021_02_LA_IND,LA,run,101.0,1.0,0.0,27,24,LA,IND,2,1.0
2021_02_LV_PIT,LV,pass,373.0,0.0,0.0,26,17,LV,PIT,2,0.0
2021_02_LV_PIT,LV,run,52.0,0.0,0.0,26,17,LV,PIT,2,0.0
2021_02_LV_PIT,PIT,pass,292.0,0.0,1.0,26,17,LV,PIT,2,1.0
2021_02_LV_PIT,PIT,run,39.0,0.0,0.0,26,17,LV,PIT,2,0.0
2021_02_MIN_ARI,ARI,pass,371.0,0.0,2.0,33,34,MIN,ARI,2,2.0
2021_02_MIN_ARI,ARI,run,103.0,0.0,0.0,33,34,MIN,ARI,2,0.0
2021_02_MIN_ARI,MIN,pass,242.0,0.0,0.0,33,34,MIN,ARI,2,0.0
2021_02_MIN_ARI,MIN,run,177.0,0.0,0.0,33,34,MIN,ARI,2,0.0
2021_02_NE_NYJ,NE,pass,159.0,0.0,0.0,25,6,NE,NYJ,2,0.0
2021_02_NE_NYJ,NE,run,101.0,0.0,0.0,25,6,NE,NYJ,2,0.0
2021_02_NE_NYJ,NYJ,pass,184.0,0.0,4.0,25,6,NE,NYJ,2,4.0
2021_02_NE_NYJ,NYJ,run,153.0,0.0,0.0,25,6,NE,NYJ,2,0.0
2021_02_NO_CAR,CAR,pass,294.0,0.0,1.0,7,26,NO,CAR,2,1.0
2021_02_NO_CAR,CAR,run,89.0,0.0,0.0,7,26,NO,CAR,2,0.0
2021_02_NO_CAR,NO,pass,80.0,0.0,2.0,7,26,NO,CAR,2,2.0
2021_02_NO_CAR,NO,run,49.0,0.0,0.0,7,26,NO,CAR,2,0.0
2021_02_NYG_WAS,NYG,pass,228.0,0.0,0.0,29,30,NYG,WAS,2,0.0
2021_02_NYG_WAS,NYG,run,164.0,0.0,0.0,29,30,NYG,WAS,2,0.0
2021_02_NYG_WAS,WAS,pass,320.0,0.0,1.0,29,30,NYG,WAS,2,1.0
2021_02_NYG_WAS,WAS,run,87.0,0.0,0.0,29,30,NYG,WAS,2,0.0
2021_02_SF_PHI,PHI,pass,177.0,0.0,0.0,17,11,SF,PHI,2,0.0
2021_02_SF_PHI,PHI,run,154.0,0.0,0.0,17,11,SF,PHI,2,0.0
2021_02_SF_PHI,SF,pass,189.0,0.0,0.0,17,11,SF,PHI,2,0.0
2021_02_SF_PHI,SF,run,120.0,0.0,0.0,17,11,SF,PHI,2,0.0
2021_02_TEN_SEA,SEA,pass,320.0,0.0,0.0,33,30,TEN,SEA,2,0.0
2021_02_TEN_SEA,SEA,run,77.0,0.0,0.0,33,30,TEN,SEA,2,0.0
2021_02_TEN_SEA,TEN,pass,320.0,1.0,0.0,33,30,TEN,SEA,2,1.0
2021_02_TEN_SEA,TEN,run,213.0,0.0,0.0,33,30,TEN,SEA,2,0.0
2021_03_ARI_JAX,ARI,pass,316.0,0.0,1.0,31,19,ARI,JAX,3,1.0
2021_03_ARI_JAX,ARI,run,91.0,0.0,0.0,31,19,ARI,JAX,3,0.0
2021_03_ARI_JAX,JAX,pass,202.0,2.0,2.0,31,19,ARI,JAX,3,4.0
2021_03_ARI_JAX,JAX,run,159.0,0.0,0.0,31,19,ARI,JAX,3,0.0
2021_03_ATL_NYG,ATL,pass,227.0,1.0,0.0,17,14,ATL,NYG,3,1.0
2021_03_ATL_NYG,ATL,run,69.0,0.0,0.0,17,14,ATL,NYG,3,0.0
2021_03_ATL_NYG,NYG,pass,246.0,1.0,0.0,17,14,ATL,NYG,3,1.0
2021_03_ATL_NYG,NYG,run,103.0,0.0,0.0,17,14,ATL,NYG,3,0.0
2021_03_BAL_DET,BAL,pass,271.0,0.0,1.0,19,17,BAL,DET,3,1.0
2021_03_BAL_DET,BAL,run,116.0,0.0,0.0,19,17,BAL,DET,3,0.0
2021_03_BAL_DET,DET,pass,192.0,0.0,0.0,19,17,BAL,DET,3,0.0
2021_03_BAL_DET,DET,run,93.0,0.0,0.0,19,17,BAL,DET,3,0.0
2021_03_CAR_HOU,CAR,pass,290.0,0.0,0.0,24,9,CAR,HOU,3,0.0
2021_03_CAR_HOU,CAR,run,120.0,0.0,0.0,24,9,CAR,HOU,3,0.0
2021_03_CAR_HOU,HOU,pass,151.0,0.0,0.0,24,9,CAR,HOU,3,0.0
2021_03_CAR_HOU,HOU,run,42.0,0.0,0.0,24,9,CAR,HOU,3,0.0
2021_03_CHI_CLE,CHI,pass,1.0,0.0,0.0,6,26,CHI,CLE,3,0.0
2021_03_CHI_CLE,CHI,run,46.0,0.0,0.0,6,26,CHI,CLE,3,0.0
2021_03_CHI_CLE,CLE,pass,203.0,0.0,0.0,6,26,CHI,CLE,3,0.0
2021_03_CHI_CLE,CLE,run,217.0,0.0,0.0,6,26,CHI,CLE,3,0.0
2021_03_CIN_PIT,CIN,pass,172.0,0.0,1.0,24,10,CIN,PIT,3,1.0
2021_03_CIN_PIT,CIN,run,100.0,0.0,0.0,24,10,CIN,PIT,3,0.0
2021_03_CIN_PIT,PIT,pass,297.0,0.0,2.0,24,10,CIN,PIT,3,2.0
2021_03_CIN_PIT,PIT,run,45.0,0.0,0.0,24,10,CIN,PIT,3,0.0
2021_03_GB_SF,GB,pass,253.0,0.0,0.0,30,28,GB,SF,3,0.0
2021_03_GB_SF,GB,run,100.0,0.0,0.0,30,28,GB,SF,3,0.0
2021_03_GB_SF,SF,pass,231.0,1.0,1.0,30,28,GB,SF,3,2.0
2021_03_GB_SF,SF,run,67.0,0.0,0.0,30,28,GB,SF,3,0.0
2021_03_IND_TEN,IND,pass,178.0,0.0,0.0,16,25,IND,TEN,3,0.0
2021_03_IND_TEN,IND,run,87.0,0.0,0.0,16,25,IND,TEN,3,0.0
2021_03_IND_TEN,TEN,pass,188.0,1.0,2.0,16,25,IND,TEN,3,3.0
2021_03_IND_TEN,TEN,run,184.0,0.0,0.0,16,25,IND,TEN,3,0.0
2021_03_LAC_KC,KC,pass,251.0,1.0,2.0,30,24,LAC,KC,3,3.0
2021_03_LAC_KC,KC,run,186.0,1.0,0.0,30,24,LAC,KC,3,1.0
2021_03_LAC_KC,LAC,pass,277.0,0.0,0.0,30,24,LAC,KC,3,0.0
2021_03_LAC_KC,LAC,run,78.0,0.0,0.0,30,24,LAC,KC,3,0.0
2021_03_MIA_LV,LV,pass,357.0,0.0,1.0,28,31,MIA,LV,3,1.0
2021_03_MIA_LV,LV,run,142.0,0.0,0.0,28,31,MIA,LV,3,0.0
2021_03_MIA_LV,MIA,pass,199.0,0.0,0.0,28,31,MIA,LV,3,0.0
2021_03_MIA_LV,MIA,run,133.0,0.0,0.0,28,31,MIA,LV,3,0.0
2021_03_NO_NE,NE,pass,251.0,0.0,3.0,28,13,NO,NE,3,3.0
2021_03_NO_NE,NE,run,49.0,0.0,0.0,28,13,NO,NE,3,0.0
2021_03_NO_NE,NO,pass,110.0,0.0,0.0,28,13,NO,NE,3,0.0
2021_03_NO_NE,NO,run,144.0,0.0,0.0,28,13,NO,NE,3,0.0
2021_03_NYJ_DEN,DEN,pass,223.0,0.0,0.0,0,26,NYJ,DEN,3,0.0
2021_03_NYJ_DEN,DEN,run,121.0,1.0,0.0,0,26,NYJ,DEN,3,1.0
2021_03_NYJ_DEN,NYJ,pass,119.0,0.0,2.0,0,26,NYJ,DEN,3,2.0
2021_03_NYJ_DEN,NYJ,run,43.0,0.0,0.0,0,26,NYJ,DEN,3,0.0
2021_03_PHI_DAL,DAL,pass,220.0,1.0,0.0,21,41,PHI,DAL,3,1.0
2021_03_PHI_DAL,DAL,run,163.0,0.0,0.0,21,41,PHI,DAL,3,0.0
2021_03_PHI_DAL,PHI,pass,303.0,0.0,2.0,21,41,PHI,DAL,3,2.0
2021_03_PHI_DAL,PHI,run,64.0,0.0,0.0,21,41,PHI,DAL,3,0.0
2021_03_SEA_MIN,MIN,pass,313.0,0.0,0.0,17,30,SEA,MIN,3,0.0
2021_03_SEA_MIN,MIN,run,140.0,0.0,0.0,17,30,SEA,MIN,3,0.0
2021_03_SEA_MIN,SEA,pass,283.0,0.0,0.0,17,30,SEA,MIN,3,0.0
2021_03_SEA_MIN,SEA,run,106.0,0.0,0.0,17,30,SEA,MIN,3,0.0
2021_03_TB_LA,LA,pass,331.0,0.0,0.0,24,34,TB,LA,3,0.0
2021_03_TB_LA,LA,run,78.0,0.0,0.0,24,34,TB,LA,3,0.0
2021_03_TB_LA,TB,pass,411.0,0.0,0.0,24,34,TB,LA,3,0.0
2021_03_TB_LA,TB,run,35.0,0.0,0.0,24,34,TB,LA,3,0.0
2021_03_WAS_BUF,BUF,pass,359.0,0.0,0.0,21,43,WAS,BUF,3,0.0
2021_03_WAS_BUF,BUF,run,125.0,0.0,0.0,21,43,WAS,BUF,3,0.0
2021_03_WAS_BUF,WAS,pass,212.0,1.0,2.0,21,43,WAS,BUF,3,3.0
2021_03_WAS_BUF,WAS,run,78.0,0.0,0.0,21,43,WAS,BUF,3,0.0
2021_04_ARI_LA,ARI,pass,249.0,0.0,0.0,37,20,ARI,LA,4,0.0
2021_04_ARI_LA,ARI,run,218.0,0.0,0.0,37,20,ARI,LA,4,0.0
2021_04_ARI_LA,LA,pass,280.0,0.0,1.0,37,20,ARI,LA,4,1.0
2021_04_ARI_LA,LA,run,122.0,1.0,0.0,37,20,ARI,LA,4,1.0
2021_04_BAL_DEN,BAL,pass,304.0,0.0,0.0,23,7,BAL,DEN,4,0.0
2021_04_BAL_DEN,BAL,run,102.0,0.0,0.0,23,7,BAL,DEN,4,0.0
2021_04_BAL_DEN,DEN,pass,148.0,0.0,1.0,23,7,BAL,DEN,4,1.0
2021_04_BAL_DEN,DEN,run,106.0,0.0,0.0,23,7,BAL,DEN,4,0.0
2021_04_CAR_DAL,CAR,pass,266.0,0.0,2.0,28,36,CAR,DAL,4,2.0
2021_04_CAR_DAL,CAR,run,113.0,0.0,0.0,28,36,CAR,DAL,4,0.0
2021_04_CAR_DAL,DAL,pass,188.0,0.0,0.0,28,36,CAR,DAL,4,0.0
2021_04_CAR_DAL,DAL,run,246.0,0.0,0.0,28,36,CAR,DAL,4,0.0
2021_04_CLE_MIN,CLE,pass,145.0,0.0,0.0,14,7,CLE,MIN,4,0.0
2021_04_CLE_MIN,CLE,run,184.0,0.0,0.0,14,7,CLE,MIN,4,0.0
2021_04_CLE_MIN,MIN,pass,190.0,0.0,1.0,14,7,CLE,MIN,4,1.0
2021_04_CLE_MIN,MIN,run,66.0,0.0,0.0,14,7,CLE,MIN,4,0.0
2021_04_DET_CHI,CHI,pass,185.0,0.0,1.0,14,24,DET,CHI,4,1.0
2021_04_DET_CHI,CHI,run,190.0,0.0,0.0,14,24,DET,CHI,4,0.0
2021_04_DET_CHI,DET,pass,261.0,1.0,0.0,14,24,DET,CHI,4,1.0
2021_04_DET_CHI,DET,run,90.0,1.0,0.0,14,24,DET,CHI,4,1.0
2021_04_HOU_BUF,BUF,pass,251.0,0.0,1.0,0,40,HOU,BUF,4,1.0
2021_04_HOU_BUF,BUF,run,201.0,0.0,0.0,0,40,HOU,BUF,4,0.0
2021_04_HOU_BUF,HOU,pass,61.0,1.0,4.0,0,40,HOU,BUF,4,5.0
2021_04_HOU_BUF,HOU,run,48.0,0.0,0.0,0,40,HOU,BUF,4,0.0
2021_04_IND_MIA,IND,pass,210.0,0.0,0.0,27,17,IND,MIA,4,0.0
2021_04_IND_MIA,IND,run,143.0,0.0,0.0,27,17,IND,MIA,4,0.0
2021_04_IND_MIA,MIA,pass,168.0,1.0,0.0,27,17,IND,MIA,4,1.0
2021_04_IND_MIA,MIA,run,35.0,0.0,0.0,27,17,IND,MIA,4,0.0
2021_04_JAX_CIN,CIN,pass,342.0,0.0,0.0,21,24,JAX,CIN,4,0.0
2021_04_JAX_CIN,CIN,run,78.0,0.0,0.0,21,24,JAX,CIN,4,0.0
2021_04_JAX_CIN,JAX,pass,202.0,0.0,0.0,21,24,JAX,CIN,4,0.0
2021_04_JAX_CIN,JAX,run,139.0,0.0,0.0,21,24,JAX,CIN,4,0.0
2021_04_KC_PHI,KC,pass,271.0,0.0,1.0,42,30,KC,PHI,4,1.0
2021_04_KC_PHI,KC,run,201.0,0.0,0.0,42,30,KC,PHI,4,0.0
2021_04_KC_PHI,PHI,pass,358.0,0.0,0.0,42,30,KC,PHI,4,0.0
2021_04_KC_PHI,PHI,run,103.0,0.0,0.0,42,30,KC,PHI,4,0.0
2021_04_LV_LAC,LAC,pass,212.0,0.0,0.0,14,28,LV,LAC,4,0.0
2021_04_LV_LAC,LAC,run,170.0,0.0,0.0,14,28,LV,LAC,4,0.0
2021_04_LV_LAC,LV,pass,165.0,0.0,1.0,14,28,LV,LAC,4,1.0
2021_04_LV_LAC,LV,run,48.0,0.0,0.0,14,28,LV,LAC,4,0.0
2021_04_NYG_NO,NO,pass,235.0,0.0,1.0,27,21,NYG,NO,4,1.0
2021_04_NYG_NO,NO,run,170.0,0.0,0.0,27,21,NYG,NO,4,0.0
2021_04_NYG_NO,NYG,pass,402.0,0.0,1.0,27,21,NYG,NO,4,1.0
2021_04_NYG_NO,NYG,run,85.0,0.0,0.0,27,21,NYG,NO,4,0.0
2021_04_PIT_GB,GB,pass,236.0,0.0,0.0,17,27,PIT,GB,4,0.0
2021_04_PIT_GB,GB,run,133.0,1.0,0.0,17,27,PIT,GB,4,1.0
2021_04_PIT_GB,PIT,pass,220.0,1.0,1.0,17,27,PIT,GB,4,2.0
2021_04_PIT_GB,PIT,run,62.0,0.0,0.0,17,27,PIT,GB,4,0.0
2021_04_SEA_SF,SEA,pass,129.0,0.0,0.0,28,21,SEA,SF,4,0.0
2021_04_SEA_SF,SEA,run,107.0,0.0,0.0,28,21,SEA,SF,4,0.0
2021_04_SEA_SF,SF,pass,314.0,0.0,1.0,28,21,SEA,SF,4,1.0
2021_04_SEA_SF,SF,run,145.0,0.0,0.0,28,21,SEA,SF,4,0.0
2021_04_TB_NE,NE,pass,295.0,1.0,1.0,19,17,TB,NE,4,2.0
2021_04_TB_NE,NE,run,0.0,0.0,0.0,19,17,TB,NE,4,0.0
2021_04_TB_NE,TB,pass,261.0,0.0,0.0,19,17,TB,NE,4,0.0
2021_04_TB_NE,TB,run,123.0,0.0,0.0,19,17,TB,NE,4,0.0
2021_04_TEN_NYJ,NYJ,pass,289.0,0.0,1.0,24,27,TEN,NYJ,4,1.0
2021_04_TEN_NYJ,NYJ,run,67.0,0.0,0.0,24,27,TEN,NYJ,4,0.0
2021_04_TEN_NYJ,TEN,pass,255.0,0.0,0.0,24,27,TEN,NYJ,4,0.0
2021_04_TEN_NYJ,TEN,run,177.0,0.0,0.0,24,27,TEN,NYJ,4,0.0
2021_04_WAS_ATL,ATL,pass,275.0,0.0,0.0,34,30,WAS,ATL,4,0.0
2021_04_WAS_ATL,ATL,run,99.0,0.0,0.0,34,30,WAS,ATL,4,0.0
2021_04_WAS_ATL,WAS,pass,290.0,0.0,0.0,34,30,WAS,ATL,4,0.0
2021_04_WAS_ATL,WAS,run,123.0,0.0,0.0,34,30,WAS,ATL,4,0.0
2021_05_BUF_KC,BUF,pass,315.0,0.0,0.0,38,20,BUF,KC,5,0.0
2021_05_BUF_KC,BUF,run,124.0,0.0,0.0,38,20,BUF,KC,5,0.0
2021_05_BUF_KC,KC,pass,272.0,0.0,2.0,38,20,BUF,KC,5,2.0
2021_05_BUF_KC,KC,run,120.0,1.0,0.0,38,20,BUF,KC,5,1.0
2021_05_CHI_LV,CHI,pass,109.0,0.0,0.0,20,9,CHI,LV,5,0.0
2021_05_CHI_LV,CHI,run,143.0,0.0,0.0,20,9,CHI,LV,5,0.0
2021_05_CHI_LV,LV,pass,188.0,0.0,1.0,20,9,CHI,LV,5,1.0
2021_05_CHI_LV,LV,run,71.0,0.0,0.0,20,9,CHI,LV,5,0.0
2021_05_CLE_LAC,CLE,pass,303.0,0.0,0.0,42,47,CLE,LAC,5,0.0
2021_05_CLE_LAC,CLE,run,230.0,0.0,0.0,42,47,CLE,LAC,5,0.0
2021_05_CLE_LAC,LAC,pass,383.0,1.0,0.0,42,47,CLE,LAC,5,1.0
2021_05_CLE_LAC,LAC,run,113.0,0.0,0.0,42,47,CLE,LAC,5,0.0
2021_05_DEN_PIT,DEN,pass,268.0,0.0,1.0,19,27,DEN,PIT,5,1.0
2021_05_DEN_PIT,DEN,run,106.0,0.0,0.0,19,27,DEN,PIT,5,0.0
2021_05_DEN_PIT,PIT,pass,244.0,1.0,0.0,19,27,DEN,PIT,5,1.0
2021_05_DEN_PIT,PIT,run,148.0,0.0,0.0,19,27,DEN,PIT,5,0.0
2021_05_DET_MIN,DET,pass,182.0,1.0,1.0,17,19,DET,MIN,5,2.0
2021_05_DET_MIN,DET,run,108.0,0.0,0.0,17,19,DET,MIN,5,0.0
2021_05_DET_MIN,MIN,pass,264.0,0.0,1.0,17,19,DET,MIN,5,1.0
2021_05_DET_MIN,MIN,run,120.0,1.0,0.0,17,19,DET,MIN,5,1.0
2021_05_GB_CIN,CIN,pass,266.0,0.0,2.0,25,22,GB,CIN,5,2.0
2021_05_GB_CIN,CIN,run,103.0,0.0,0.0,25,22,GB,CIN,5,0.0
2021_05_GB_CIN,GB,pass,333.0,0.0,1.0,25,22,GB,CIN,5,1.0
2021_05_GB_CIN,GB,run,133.0,0.0,0.0,25,22,GB,CIN,5,0.0
2021_05_IND_BAL,BAL,pass,441.0,0.0,0.0,25,31,IND,BAL,5,0.0
2021_05_IND_BAL,BAL,run,86.0,1.0,0.0,25,31,IND,BAL,5,1.0
2021_05_IND_BAL,IND,pass,390.0,1.0,0.0,25,31,IND,BAL,5,1.0
2021_05_IND_BAL,IND,run,123.0,0.0,0.0,25,31,IND,BAL,5,0.0
2021_05_LA_SEA,LA,pass,358.0,0.0,1.0,26,17,LA,SEA,5,1.0
2021_05_LA_SEA,LA,run,119.0,0.0,0.0,26,17,LA,SEA,5,0.0
2021_05_LA_SEA,SEA,pass,262.0,0.0,2.0,26,17,LA,SEA,5,2.0
2021_05_LA_SEA,SEA,run,92.0,0.0,0.0,26,17,LA,SEA,5,0.0
2021_05_MIA_TB,MIA,pass,262.0,1.0,1.0,17,45,MIA,TB,5,2.0
2021_05_MIA_TB,MIA,run,39.0,0.0,0.0,17,45,MIA,TB,5,0.0
2021_05_MIA_TB,TB,pass,437.0,0.0,0.0,17,45,MIA,TB,5,0.0
2021_05_MIA_TB,TB,run,122.0,0.0,0.0,17,45,MIA,TB,5,0.0
2021_05_NE_HOU,HOU,pass,293.0,1.0,0.0,25,22,NE,HOU,5,1.0
2021_05_NE_HOU,HOU,run,67.0,0.0,0.0,25,22,NE,HOU,5,0.0
2021_05_NE_HOU,NE,pass,226.0,0.0,1.0,25,22,NE,HOU,5,1.0
2021_05_NE_HOU,NE,run,126.0,1.0,0.0,25,22,NE,HOU,5,1.0
2021_05_NO_WAS,NO,pass,271.0,1.0,1.0,33,22,NO,WAS,5,2.0
2021_05_NO_WAS,NO,run,99.0,0.0,0.0,33,22,NO,WAS,5,0.0
2021_05_NO_WAS,WAS,pass,242.0,0.0,2.0,33,22,NO,WAS,5,2.0
2021_05_NO_WAS,WAS,run,131.0,0.0,0.0,33,22,NO,WAS,5,0.0
2021_05_NYG_DAL,DAL,pass,314.0,0.0,1.0,20,44,NYG,DAL,5,1.0
2021_05_NYG_DAL,DAL,run,201.0,1.0,0.0,20,44,NYG,DAL,5,1.0
2021_05_NYG_DAL,NYG,pass,294.0,0.0,2.0,20,44,NYG,DAL,5,2.0
2021_05_NYG_DAL,NYG,run,73.0,0.0,0.0,20,44,NYG,DAL,5,0.0
2021_05_NYJ_ATL,ATL,pass,342.0,1.0,0.0,20,27,NYJ,ATL,5,1.0
2021_05_NYJ_ATL,ATL,run,109.0,1.0,0.0,20,27,NYJ,ATL,5,1.0
2021_05_NYJ_ATL,NYJ,pass,168.0,0.0,1.0,20,27,NYJ,ATL,5,1.0
2021_05_NYJ_ATL,NYJ,run,64.0,0.0,0.0,20,27,NYJ,ATL,5,0.0
2021_05_PHI_CAR,CAR,pass,158.0,0.0,3.0,21,18,PHI,CAR,5,3.0
2021_05_PHI_CAR,CAR,run,109.0,0.0,0.0,21,18,PHI,CAR,5,0.0
2021_05_PHI_CAR,PHI,pass,184.0,1.0,1.0,21,18,PHI,CAR,5,2.0
2021_05_PHI_CAR,PHI,run,93.0,0.0,0.0,21,18,PHI,CAR,5,0.0
2021_05_SF_ARI,ARI,pass,210.0,1.0,0.0,10,17,SF,ARI,5,1.0
2021_05_SF_ARI,ARI,run,101.0,0.0,0.0,10,17,SF,ARI,5,0.0
2021_05_SF_ARI,SF,pass,186.0,0.0,1.0,10,17,SF,ARI,5,1.0
2021_05_SF_ARI,SF,run,152.0,0.0,0.0,10,17,SF,ARI,5,0.0
2021_05_TEN_JAX,JAX,pass,256.0,1.0,1.0,37,19,TEN,JAX,5,2.0
2021_05_TEN_JAX,JAX,run,198.0,0.0,0.0,37,19,TEN,JAX,5,0.0
2021_05_TEN_JAX,TEN,pass,184.0,0.0,0.0,37,19,TEN,JAX,5,0.0
2021_05_TEN_JAX,TEN,run,184.0,0.0,0.0,37,19,TEN,JAX,5,0.0
2021_06_ARI_CLE,ARI,pass,208.0,0.0,0.0,37,14,ARI,CLE,6,0.0
2021_06_ARI_CLE,ARI,run,147.0,0.0,0.0,37,14,ARI,CLE,6,0.0
2021_06_ARI_CLE,CLE,pass,217.0,2.0,1.0,37,14,ARI,CLE,6,3.0
2021_06_ARI_CLE,CLE,run,73.0,0.0,0.0,37,14,ARI,CLE,6,0.0
2021_06_BUF_TEN,BUF,pass,337.0,0.0,1.0,31,34,BUF,TEN,6,1.0
2021_06_BUF_TEN,BUF,run,82.0,0.0,0.0,31,34,BUF,TEN,6,0.0
2021_06_BUF_TEN,TEN,pass,216.0,0.0,1.0,31,34,BUF,TEN,6,1.0
2021_06_BUF_TEN,TEN,run,147.0,0.0,0.0,31,34,BUF,TEN,6,0.0
2021_06_CIN_DET,CIN,pass,256.0,0.0,1.0,34,11,CIN,DET,6,1.0
2021_06_CIN_DET,CIN,run,145.0,0.0,0.0,34,11,CIN,DET,6,0.0
2021_06_CIN_DET,DET,pass,194.0,0.0,1.0,34,11,CIN,DET,6,1.0
2021_06_CIN_DET,DET,run,36.0,0.0,0.0,34,11,CIN,DET,6,0.0
2021_06_DAL_NE,DAL,pass,445.0,0.0,1.0,35,29,DAL,NE,6,1.0
2021_06_DAL_NE,DAL,run,122.0,1.0,0.0,35,29,DAL,NE,6,1.0
2021_06_DAL_NE,NE,pass,217.0,1.0,1.0,35,29,DAL,NE,6,2.0
2021_06_DAL_NE,NE,run,124.0,0.0,0.0,35,29,DAL,NE,6,0.0
2021_06_GB_CHI,CHI,pass,137.0,0.0,1.0,24,14,GB,CHI,6,1.0
2021_06_GB_CHI,CHI,run,140.0,0.0,0.0,24,14,GB,CHI,6,0.0
2021_06_GB_CHI,GB,pass,169.0,0.0,0.0,24,14,GB,CHI,6,0.0
2021_06_GB_CHI,GB,run,159.0,0.0,0.0,24,14,GB,CHI,6,0.0
2021_06_HOU_IND,HOU,pass,229.0,0.0,2.0,3,31,HOU,IND,6,2.0
2021_06_HOU_IND,HOU,run,124.0,1.0,0.0,3,31,HOU,IND,6,1.0
2021_06_HOU_IND,IND,pass,214.0,0.0,0.0,3,31,HOU,IND,6,0.0
2021_06_HOU_IND,IND,run,175.0,0.0,0.0,3,31,HOU,IND,6,0.0
2021_06_KC_WAS,KC,pass,390.0,0.0,2.0,31,13,KC,WAS,6,2.0
2021_06_KC_WAS,KC,run,109.0,1.0,0.0,31,13,KC,WAS,6,1.0
2021_06_KC_WAS,WAS,pass,182.0,0.0,1.0,31,13,KC,WAS,6,1.0
2021_06_KC_WAS,WAS,run,94.0,1.0,0.0,31,13,KC,WAS,6,1.0
2021_06_LAC_BAL,BAL,pass,140.0,0.0,2.0,6,34,LAC,BAL,6,2.0
2021_06_LAC_BAL,BAL,run,189.0,0.0,0.0,6,34,LAC,BAL,6,0.0
2021_06_LAC_BAL,LAC,pass,182.0,0.0,1.0,6,34,LAC,BAL,6,1.0
2021_06_LAC_BAL,LAC,run,26.0,0.0,0.0,6,34,LAC,BAL,6,0.0
2021_06_LA_NYG,LA,pass,234.0,0.0,2.0,38,11,LA,NYG,6,2.0
2021_06_LA_NYG,LA,run,132.0,0.0,0.0,38,11,LA,NYG,6,0.0
2021_06_LA_NYG,NYG,pass,203.0,1.0,3.0,38,11,LA,NYG,6,4.0
2021_06_LA_NYG,NYG,run,60.0,0.0,0.0,38,11,LA,NYG,6,0.0
2021_06_LV_DEN,DEN,pass,309.0,0.0,3.0,34,24,LV,DEN,6,3.0
2021_06_LV_DEN,DEN,run,112.0,1.0,0.0,34,24,LV,DEN,6,1.0
2021_06_LV_DEN,LV,pass,340.0,0.0,0.0,34,24,LV,DEN,6,0.0
2021_06_LV_DEN,LV,run,87.0,0.0,0.0,34,24,LV,DEN,6,0.0
2021_06_MIA_JAX,JAX,pass,312.0,1.0,0.0,20,23,MIA,JAX,6,1.0
2021_06_MIA_JAX,JAX,run,84.0,0.0,0.0,20,23,MIA,JAX,6,0.0
2021_06_MIA_JAX,MIA,pass,354.0,0.0,1.0,20,23,MIA,JAX,6,1.0
2021_06_MIA_JAX,MIA,run,77.0,0.0,0.0,20,23,MIA,JAX,6,0.0
2021_06_MIN_CAR,CAR,pass,190.0,2.0,1.0,34,28,MIN,CAR,6,3.0
2021_06_MIN_CAR,CAR,run,119.0,0.0,0.0,34,28,MIN,CAR,6,0.0
2021_06_MIN_CAR,MIN,pass,373.0,1.0,0.0,34,28,MIN,CAR,6,1.0
2021_06_MIN_CAR,MIN,run,198.0,0.0,0.0,34,28,MIN,CAR,6,0.0
2021_06_SEA_PIT,PIT,pass,226.0,1.0,0.0,20,23,SEA,PIT,6,1.0
2021_06_SEA_PIT,PIT,run,119.0,0.0,0.0,20,23,SEA,PIT,6,0.0
2021_06_SEA_PIT,SEA,pass,165.0,1.0,0.0,20,23,SEA,PIT,6,1.0
2021_06_SEA_PIT,SEA,run,145.0,0.0,0.0,20,23,SEA,PIT,6,0.0
2021_06_TB_PHI,PHI,pass,115.0,0.0,1.0,28,22,TB,PHI,6,1.0
2021_06_TB_PHI,PHI,run,100.0,0.0,0.0,28,22,TB,PHI,6,0.0
2021_06_TB_PHI,TB,pass,297.0,0.0,1.0,28,22,TB,PHI,6,1.0
2021_06_TB_PHI,TB,run,104.0,0.0,0.0,28,22,TB,PHI,6,0.0
2021_07_ATL_MIA,ATL,pass,325.0,0.0,1.0,30,28,ATL,MIA,7,1.0
2021_07_ATL_MIA,ATL,run,74.0,1.0,0.0,30,28,ATL,MIA,7,1.0
2021_07_ATL_MIA,MIA,pass,281.0,0.0,2.0,30,28,ATL,MIA,7,2.0
2021_07_ATL_MIA,MIA,run,132.0,0.0,0.0,30,28,ATL,MIA,7,0.0
2021_07_CAR_NYG,CAR,pass,117.0,0.0,1.0,3,25,CAR,NYG,7,1.0
2021_07_CAR_NYG,CAR,run,56.0,0.0,0.0,3,25,CAR,NYG,7,0.0
2021_07_CAR_NYG,NYG,pass,199.0,0.0,0.0,3,25,CAR,NYG,7,0.0
2021_07_CAR_NYG,NYG,run,106.0,0.0,0.0,3,25,CAR,NYG,7,0.0
2021_07_CHI_TB,CHI,pass,168.0,2.0,3.0,3,38,CHI,TB,7,5.0
2021_07_CHI_TB,CHI,run,143.0,0.0,0.0,3,38,CHI,TB,7,0.0
2021_07_CHI_TB,TB,pass,226.0,0.0,0.0,3,38,CHI,TB,7,0.0
2021_07_CHI_TB,TB,run,182.0,1.0,0.0,3,38,CHI,TB,7,1.0
2021_07_CIN_BAL,BAL,pass,278.0,0.0,0.0,41,17,CIN,BAL,7,0.0
2021_07_CIN_BAL,BAL,run,115.0,0.0,0.0,41,17,CIN,BAL,7,0.0
2021_07_CIN_BAL,CIN,pass,409.0,0.0,1.0,41,17,CIN,BAL,7,1.0
2021_07_CIN_BAL,CIN,run,111.0,0.0,0.0,41,17,CIN,BAL,7,0.0
2021_07_DEN_CLE,CLE,pass,194.0,0.0,0.0,14,17,DEN,CLE,7,0.0
2021_07_DEN_CLE,CLE,run,183.0,0.0,0.0,14,17,DEN,CLE,7,0.0
2021_07_DEN_CLE,DEN,pass,182.0,0.0,1.0,14,17,DEN,CLE,7,1.0
2021_07_DEN_CLE,DEN,run,41.0,0.0,0.0,14,17,DEN,CLE,7,0.0
2021_07_DET_LA,DET,pass,278.0,0.0,2.0,19,28,DET,LA,7,2.0
2021_07_DET_LA,DET,run,137.0,0.0,0.0,19,28,DET,LA,7,0.0
2021_07_DET_LA,LA,pass,329.0,0.0,0.0,19,28,DET,LA,7,0.0
2021_07_DET_LA,LA,run,49.0,0.0,0.0,19,28,DET,LA,7,0.0
2021_07_HOU_ARI,ARI,pass,225.0,0.0,1.0,5,31,HOU,ARI,7,1.0
2021_07_HOU_ARI,ARI,run,173.0,0.0,0.0,5,31,HOU,ARI,7,0.0
2021_07_HOU_ARI,HOU,pass,118.0,1.0,0.0,5,31,HOU,ARI,7,1.0
2021_07_HOU_ARI,HOU,run,42.0,0.0,0.0,5,31,HOU,ARI,7,0.0
2021_07_IND_SF,IND,pass,147.0,1.0,0.0,30,18,IND,SF,7,1.0
2021_07_IND_SF,IND,run,148.0,1.0,0.0,30,18,IND,SF,7,1.0
2021_07_IND_SF,SF,pass,169.0,2.0,2.0,30,18,IND,SF,7,4.0
2021_07_IND_SF,SF,run,112.0,0.0,0.0,30,18,IND,SF,7,0.0
2021_07_KC_TEN,KC,pass,257.0,1.0,1.0,3,27,KC,TEN,7,2.0
2021_07_KC_TEN,KC,run,78.0,1.0,0.0,3,27,KC,TEN,7,1.0
2021_07_KC_TEN,TEN,pass,266.0,0.0,1.0,3,27,KC,TEN,7,1.0
2021_07_KC_TEN,TEN,run,104.0,0.0,0.0,3,27,KC,TEN,7,0.0
2021_07_NO_SEA,NO,pass,210.0,1.0,0.0,13,10,NO,SEA,7,1.0
2021_07_NO_SEA,NO,run,97.0,0.0,0.0,13,10,NO,SEA,7,0.0
2021_07_NO_SEA,SEA,pass,129.0,0.0,0.0,13,10,NO,SEA,7,0.0
2021_07_NO_SEA,SEA,run,91.0,0.0,0.0,13,10,NO,SEA,7,0.0
2021_07_NYJ_NE,NE,pass,403.0,0.0,0.0,13,54,NYJ,NE,7,0.0
2021_07_NYJ_NE,NE,run,151.0,0.0,0.0,13,54,NYJ,NE,7,0.0
2021_07_NYJ_NE,NYJ,pass,237.0,1.0,2.0,13,54,NYJ,NE,7,3.0
2021_07_NYJ_NE,NYJ,run,62.0,0.0,0.0,13,54,NYJ,NE,7,0.0
2021_07_PHI_LV,LV,pass,323.0,0.0,1.0,22,33,PHI,LV,7,1.0
2021_07_PHI_LV,LV,run,120.0,0.0,0.0,22,33,PHI,LV,7,0.0
2021_07_PHI_LV,PHI,pass,225.0,0.0,0.0,22,33,PHI,LV,7,0.0
2021_07_PHI_LV,PHI,run,136.0,2.0,0.0,22,33,PHI,LV,7,2.0
2021_07_WAS_GB,GB,pass,247.0,0.0,0.0,10,24,WAS,GB,7,0.0
2021_07_WAS_GB,GB,run,57.0,1.0,0.0,10,24,WAS,GB,7,1.0
2021_07_WAS_GB,WAS,pass,235.0,1.0,1.0,10,24,WAS,GB,7,2.0
2021_07_WAS_GB,WAS,run,196.0,0.0,0.0,10,24,WAS,GB,7,0.0
2021_08_CAR_ATL,ATL,pass,131.0,0.0,2.0,19,13,CAR,ATL,8,2.0
2021_08_CAR_ATL,ATL,run,82.0,0.0,0.0,19,13,CAR,ATL,8,0.0
2021_08_CAR_ATL,CAR,pass,129.0,0.0,0.0,19,13,CAR,ATL,8,0.0
2021_08_CAR_ATL,CAR,run,204.0,1.0,0.0,19,13,CAR,ATL,8,1.0
2021_08_CIN_NYJ,CIN,pass,277.0,0.0,1.0,31,34,CIN,NYJ,8,1.0
2021_08_CIN_NYJ,CIN,run,42.0,0.0,0.0,31,34,CIN,NYJ,8,0.0
2021_08_CIN_NYJ,NYJ,pass,416.0,1.0,2.0,31,34,CIN,NYJ,8,3.0
2021_08_CIN_NYJ,NYJ,run,101.0,0.0,0.0,31,34,CIN,NYJ,8,0.0
2021_08_DAL_MIN,DAL,pass,341.0,1.0,1.0,20,16,DAL,MIN,8,2.0
2021_08_DAL_MIN,DAL,run,78.0,0.0,0.0,20,16,DAL,MIN,8,0.0
2021_08_DAL_MIN,MIN,pass,177.0,0.0,0.0,20,16,DAL,MIN,8,0.0
2021_08_DAL_MIN,MIN,run,102.0,0.0,0.0,20,16,DAL,MIN,8,0.0
2021_08_GB_ARI,ARI,pass,260.0,0.0,2.0,24,21,GB,ARI,8,2.0
2021_08_GB_ARI,ARI,run,74.0,0.0,0.0,24,21,GB,ARI,8,0.0
2021_08_GB_ARI,GB,pass,184.0,0.0,0.0,24,21,GB,ARI,8,0.0
2021_08_GB_ARI,GB,run,152.0,0.0,0.0,24,21,GB,ARI,8,0.0
2021_08_JAX_SEA,JAX,pass,227.0,0.0,1.0,7,31,JAX,SEA,8,1.0
2021_08_JAX_SEA,JAX,run,83.0,0.0,0.0,7,31,JAX,SEA,8,0.0
2021_08_JAX_SEA,SEA,pass,160.0,0.0,0.0,7,31,JAX,SEA,8,0.0
2021_08_JAX_SEA,SEA,run,69.0,0.0,0.0,7,31,JAX,SEA,8,0.0
2021_08_LA_HOU,HOU,pass,279.0,0.0,1.0,38,22,LA,HOU,8,1.0
2021_08_LA_HOU,HOU,run,46.0,0.0,0.0,38,22,LA,HOU,8,0.0
2021_08_LA_HOU,LA,pass,302.0,0.0,0.0,38,22,LA,HOU,8,0.0
2021_08_LA_HOU,LA,run,165.0,0.0,0.0,38,22,LA,HOU,8,0.0
2021_08_MIA_BUF,BUF,pass,249.0,0.0,0.0,11,26,MIA,BUF,8,0.0
2021_08_MIA_BUF,BUF,run,103.0,0.0,0.0,11,26,MIA,BUF,8,0.0
2021_08_MIA_BUF,MIA,pass,196.0,0.0,1.0,11,26,MIA,BUF,8,1.0
2021_08_MIA_BUF,MIA,run,68.0,1.0,0.0,11,26,MIA,BUF,8,1.0
2021_08_NE_LAC,LAC,pass,206.0,0.0,2.0,27,24,NE,LAC,8,2.0
2021_08_NE_LAC,LAC,run,164.0,0.0,0.0,27,24,NE,LAC,8,0.0
2021_08_NE_LAC,NE,pass,212.0,1.0,0.0,27,24,NE,LAC,8,1.0
2021_08_NE_LAC,NE,run,143.0,0.0,0.0,27,24,NE,LAC,8,0.0
2021_08_NYG_KC,KC,pass,261.0,1.0,1.0,17,20,NYG,KC,8,2.0
2021_08_NYG_KC,KC,run,108.0,0.0,0.0,17,20,NYG,KC,8,0.0
2021_08_NYG_KC,NYG,pass,228.0,0.0,1.0,17,20,NYG,KC,8,1.0
2021_08_NYG_KC,NYG,run,73.0,0.0,0.0,17,20,NYG,KC,8,0.0
2021_08_PHI_DET,DET,pass,171.0,1.0,0.0,44,6,PHI,DET,8,1.0
2021_08_PHI_DET,DET,run,57.0,0.0,0.0,44,6,PHI,DET,8,0.0
2021_08_PHI_DET,PHI,pass,114.0,0.0,0.0,44,6,PHI,DET,8,0.0
2021_08_PHI_DET,PHI,run,237.0,0.0,0.0,44,6,PHI,DET,8,0.0
2021_08_PIT_CLE,CLE,pass,210.0,1.0,0.0,15,10,PIT,CLE,8,1.0
2021_08_PIT_CLE,CLE,run,96.0,0.0,0.0,15,10,PIT,CLE,8,0.0
2021_08_PIT_CLE,PIT,pass,255.0,0.0,0.0,15,10,PIT,CLE,8,0.0
2021_08_PIT_CLE,PIT,run,115.0,0.0,0.0,15,10,PIT,CLE,8,0.0
2021_08_SF_CHI,CHI,pass,148.0,0.0,1.0,33,22,SF,CHI,8,1.0
2021_08_SF_CHI,CHI,run,176.0,0.0,0.0,33,22,SF,CHI,8,0.0
2021_08_SF_CHI,SF,pass,324.0,0.0,0.0,33,22,SF,CHI,8,0.0
2021_08_SF_CHI,SF,run,148.0,0.0,0.0,33,22,SF,CHI,8,0.0
2021_08_TB_NO,NO,pass,209.0,0.0,0.0,27,36,TB,NO,8,0.0
2021_08_TB_NO,NO,run,153.0,0.0,0.0,27,36,TB,NO,8,0.0
2021_08_TB_NO,TB,pass,350.0,1.0,2.0,27,36,TB,NO,8,3.0
2021_08_TB_NO,TB,run,71.0,0.0,0.0,27,36,TB,NO,8,0.0
2021_08_TEN_IND,IND,pass,224.0,0.0,2.0,34,31,TEN,IND,8,2.0
2021_08_TEN_IND,IND,run,83.0,0.0,0.0,34,31,TEN,IND,8,0.0
2021_08_TEN_IND,TEN,pass,247.0,1.0,2.0,34,31,TEN,IND,8,3.0
2021_08_TEN_IND,TEN,run,94.0,0.0,0.0,34,31,TEN,IND,8,0.0
2021_08_WAS_DEN,DEN,pass,190.0,0.0,0.0,10,17,WAS,DEN,8,0.0
2021_08_WAS_DEN,DEN,run,83.0,1.0,0.0,10,17,WAS,DEN,8,1.0
2021_08_WAS_DEN,WAS,pass,230.0,0.0,2.0,10,17,WAS,DEN,8,2.0
2021_08_WAS_DEN,WAS,run,112.0,0.0,0.0,10,17,WAS,DEN,8,0.0
2021_09_ARI_SF,ARI,pass,274.0,0.0,0.0,31,17,ARI,SF,9,0.0
2021_09_ARI_SF,ARI,run,164.0,0.0,0.0,31,17,ARI,SF,9,0.0
2021_09_ARI_SF,SF,pass,298.0,2.0,1.0,31,17,ARI,SF,9,3.0
2021_09_ARI_SF,SF,run,39.0,0.0,0.0,31,17,ARI,SF,9,0.0
2021_09_ATL_NO,ATL,pass,332.0,0.0,0.0,27,25,ATL,NO,9,0.0
2021_09_ATL_NO,ATL,run,36.0,0.0,0.0,27,25,ATL,NO,9,0.0
2021_09_ATL_NO,NO,pass,267.0,1.0,0.0,27,25,ATL,NO,9,1.0
2021_09_ATL_NO,NO,run,109.0,0.0,0.0,27,25,ATL,NO,9,0.0
2021_09_BUF_JAX,BUF,pass,229.0,0.0,2.0,6,9,BUF,JAX,9,2.0
2021_09_BUF_JAX,BUF,run,72.0,1.0,0.0,6,9,BUF,JAX,9,1.0
2021_09_BUF_JAX,JAX,pass,139.0,0.0,0.0,6,9,BUF,JAX,9,0.0
2021_09_BUF_JAX,JAX,run,80.0,1.0,0.0,6,9,BUF,JAX,9,1.0
2021_09_CHI_PIT,CHI,pass,278.0,0.0,1.0,27,29,CHI,PIT,9,1.0
2021_09_CHI_PIT,CHI,run,136.0,0.0,0.0,27,29,CHI,PIT,9,0.0
2021_09_CHI_PIT,PIT,pass,175.0,0.0,0.0,27,29,CHI,PIT,9,0.0
2021_09_CHI_PIT,PIT,run,106.0,0.0,0.0,27,29,CHI,PIT,9,0.0
2021_09_CLE_CIN,CIN,pass,263.0,1.0,2.0,41,16,CLE,CIN,9,3.0
2021_09_CLE_CIN,CIN,run,85.0,0.0,0.0,41,16,CLE,CIN,9,0.0
2021_09_CLE_CIN,CLE,pass,208.0,0.0,0.0,41,16,CLE,CIN,9,0.0
2021_09_CLE_CIN,CLE,run,153.0,0.0,0.0,41,16,CLE,CIN,9,0.0
2021_09_DEN_DAL,DAL,pass,212.0,0.0,1.0,30,16,DEN,DAL,9,1.0
2021_09_DEN_DAL,DAL,run,82.0,0.0,0.0,30,16,DEN,DAL,9,0.0
2021_09_DEN_DAL,DEN,pass,219.0,0.0,0.0,30,16,DEN,DAL,9,0.0
2021_09_DEN_DAL,DEN,run,192.0,0.0,0.0,30,16,DEN,DAL,9,0.0
2021_09_GB_KC,GB,pass,179.0,0.0,1.0,7,13,GB,KC,9,1.0
2021_09_GB_KC,GB,run,122.0,0.0,0.0,7,13,GB,KC,9,0.0
2021_09_GB_KC,KC,pass,160.0,0.0,0.0,7,13,GB,KC,9,0.0
2021_09_GB_KC,KC,run,79.0,0.0,0.0,7,13,GB,KC,9,0.0
2021_09_HOU_MIA,HOU,pass,199.0,1.0,3.0,9,17,HOU,MIA,9,4.0
2021_09_HOU_MIA,HOU,run,73.0,0.0,0.0,9,17,HOU,MIA,9,0.0
2021_09_HOU_MIA,MIA,pass,215.0,1.0,2.0,9,17,HOU,MIA,9,3.0
2021_09_HOU_MIA,MIA,run,47.0,1.0,0.0,9,17,HOU,MIA,9,1.0
2021_09_LAC_PHI,LAC,pass,358.0,0.0,0.0,27,24,LAC,PHI,9,0.0
2021_09_LAC_PHI,LAC,run,89.0,0.0,0.0,27,24,LAC,PHI,9,0.0
2021_09_LAC_PHI,PHI,pass,155.0,0.0,0.0,27,24,LAC,PHI,9,0.0
2021_09_LAC_PHI,PHI,run,176.0,0.0,0.0,27,24,LAC,PHI,9,0.0
2021_09_LV_NYG,LV,pass,286.0,1.0,2.0,16,23,LV,NYG,9,3.0
2021_09_LV_NYG,LV,run,117.0,0.0,0.0,16,23,LV,NYG,9,0.0
2021_09_LV_NYG,NYG,pass,98.0,1.0,0.0,16,23,LV,NYG,9,1.0
2021_09_LV_NYG,NYG,run,150.0,0.0,0.0,16,23,LV,NYG,9,0.0
2021_09_MIN_BAL,BAL,pass,253.0,0.0,2.0,31,34,MIN,BAL,9,2.0
2021_09_MIN_BAL,BAL,run,247.0,0.0,0.0,31,34,MIN,BAL,9,0.0
2021_09_MIN_BAL,MIN,pass,187.0,0.0,0.0,31,34,MIN,BAL,9,0.0
2021_09_MIN_BAL,MIN,run,131.0,0.0,0.0,31,34,MIN,BAL,9,0.0
2021_09_NE_CAR,CAR,pass,162.0,0.0,3.0,24,6,NE,CAR,9,3.0
2021_09_NE_CAR,CAR,run,78.0,0.0,0.0,24,6,NE,CAR,9,0.0
2021_09_NE_CAR,NE,pass,122.0,1.0,1.0,24,6,NE,CAR,9,2.0
2021_09_NE_CAR,NE,run,154.0,0.0,0.0,24,6,NE,CAR,9,0.0
2021_09_NYJ_IND,IND,pass,272.0,0.0,0.0,30,45,NYJ,IND,9,0.0
2021_09_NYJ_IND,IND,run,261.0,0.0,0.0,30,45,NYJ,IND,9,0.0
2021_09_NYJ_IND,NYJ,pass,398.0,0.0,1.0,30,45,NYJ,IND,9,1.0
2021_09_NYJ_IND,NYJ,run,89.0,1.0,0.0,30,45,NYJ,IND,9,1.0
2021_09_TEN_LA,LA,pass,253.0,0.0,2.0,28,16,TEN,LA,9,2.0
2021_09_TEN_LA,LA,run,94.0,0.0,0.0,28,16,TEN,LA,9,0.0
2021_09_TEN_LA,TEN,pass,125.0,0.0,1.0,28,16,TEN,LA,9,1.0
2021_09_TEN_LA,TEN,run,70.0,0.0,0.0,28,16,TEN,LA,9,0.0
2021_10_ATL_DAL,ATL,pass,111.0,0.0,3.0,3,43,ATL,DAL,10,3.0
2021_10_ATL_DAL,ATL,run,103.0,0.0,0.0,3,43,ATL,DAL,10,0.0
2021_10_ATL_DAL,DAL,pass,317.0,0.0,0.0,3,43,ATL,DAL,10,0.0
2021_10_ATL_DAL,DAL,run,122.0,1.0,0.0,3,43,ATL,DAL,10,1.0
2021_10_BAL_MIA,BAL,pass,210.0,1.0,1.0,10,22,BAL,MIA,10,2.0
2021_10_BAL_MIA,BAL,run,95.0,0.0,0.0,10,22,BAL,MIA,10,0.0
2021_10_BAL_MIA,MIA,pass,290.0,0.0,0.0,10,22,BAL,MIA,10,0.0
2021_10_BAL_MIA,MIA,run,61.0,0.0,0.0,10,22,BAL,MIA,10,0.0
2021_10_BUF_NYJ,BUF,pass,350.0,0.0,1.0,45,17,BUF,NYJ,10,1.0
2021_10_BUF_NYJ,BUF,run,143.0,1.0,0.0,45,17,BUF,NYJ,10,1.0
2021_10_BUF_NYJ,NYJ,pass,296.0,1.0,4.0,45,17,BUF,NYJ,10,5.0
2021_10_BUF_NYJ,NYJ,run,70.0,0.0,0.0,45,17,BUF,NYJ,10,0.0
2021_10_CAR_ARI,ARI,pass,104.0,1.0,1.0,34,10,CAR,ARI,10,2.0
2021_10_CAR_ARI,ARI,run,65.0,0.0,0.0,34,10,CAR,ARI,10,0.0
2021_10_CAR_ARI,CAR,pass,177.0,0.0,1.0,34,10,CAR,ARI,10,1.0
2021_10_CAR_ARI,CAR,run,166.0,1.0,0.0,34,10,CAR,ARI,10,1.0
2021_10_CLE_NE,CLE,pass,118.0,0.0,1.0,7,45,CLE,NE,10,1.0
2021_10_CLE_NE,CLE,run,99.0,0.0,0.0,7,45,CLE,NE,10,0.0
2021_10_CLE_NE,NE,pass,268.0,0.0,0.0,7,45,CLE,NE,10,0.0
2021_10_CLE_NE,NE,run,186.0,0.0,0.0,7,45,CLE,NE,10,0.0
2021_10_DET_PIT,DET,pass,77.0,0.0,0.0,16,16,DET,PIT,10,0.0
2021_10_DET_PIT,DET,run,229.0,0.0,0.0,16,16,DET,PIT,10,0.0
2021_10_DET_PIT,PIT,pass,242.0,2.0,1.0,16,16,DET,PIT,10,3.0
2021_10_DET_PIT,PIT,run,146.0,0.0,0.0,16,16,DET,PIT,10,0.0
2021_10_JAX_IND,IND,pass,168.0,0.0,0.0,17,23,JAX,IND,10,0.0
2021_10_JAX_IND,IND,run,130.0,0.0,0.0,17,23,JAX,IND,10,0.0
2021_10_JAX_IND,JAX,pass,154.0,1.0,0.0,17,23,JAX,IND,10,1.0
2021_10_JAX_IND,JAX,run,179.0,0.0,0.0,17,23,JAX,IND,10,0.0
2021_10_KC_LV,KC,pass,422.0,0.0,0.0,41,14,KC,LV,10,0.0
2021_10_KC_LV,KC,run,96.0,0.0,0.0,41,14,KC,LV,10,0.0
2021_10_KC_LV,LV,pass,249.0,1.0,1.0,41,14,KC,LV,10,2.0
2021_10_KC_LV,LV,run,50.0,0.0,0.0,41,14,KC,LV,10,0.0
2021_10_LA_SF,LA,pass,226.0,0.0,2.0,10,31,LA,SF,10,2.0
2021_10_LA_SF,LA,run,52.0,0.0,0.0,10,31,LA,SF,10,0.0
2021_10_LA_SF,SF,pass,179.0,0.0,0.0,10,31,LA,SF,10,0.0
2021_10_LA_SF,SF,run,157.0,0.0,0.0,10,31,LA,SF,10,0.0
2021_10_MIN_LAC,LAC,pass,171.0,0.0,1.0,27,20,MIN,LAC,10,1.0
2021_10_MIN_LAC,LAC,run,82.0,0.0,0.0,27,20,MIN,LAC,10,0.0
2021_10_MIN_LAC,MIN,pass,278.0,1.0,0.0,27,20,MIN,LAC,10,1.0
2021_10_MIN_LAC,MIN,run,110.0,0.0,0.0,27,20,MIN,LAC,10,0.0
2021_10_NO_TEN,NO,pass,287.0,0.0,0.0,21,23,NO,TEN,10,0.0
2021_10_NO_TEN,NO,run,86.0,0.0,0.0,21,23,NO,TEN,10,0.0
2021_10_NO_TEN,TEN,pass,198.0,0.0,0.0,21,23,NO,TEN,10,0.0
2021_10_NO_TEN,TEN,run,68.0,0.0,0.0,21,23,NO,TEN,10,0.0
2021_10_PHI_DEN,DEN,pass,212.0,0.0,0.0,30,13,PHI,DEN,10,0.0
2021_10_PHI_DEN,DEN,run,96.0,1.0,0.0,30,13,PHI,DEN,10,1.0
2021_10_PHI_DEN,PHI,pass,170.0,0.0,1.0,30,13,PHI,DEN,10,1.0
2021_10_PHI_DEN,PHI,run,219.0,0.0,0.0,30,13,PHI,DEN,10,0.0
2021_10_SEA_GB,GB,pass,287.0,0.0,1.0,0,17,SEA,GB,10,1.0
2021_10_SEA_GB,GB,run,106.0,0.0,0.0,0,17,SEA,GB,10,0.0
2021_10_SEA_GB,SEA,pass,133.0,0.0,2.0,0,17,SEA,GB,10,2.0
2021_10_SEA_GB,SEA,run,75.0,0.0,0.0,0,17,SEA,GB,10,0.0
2021_10_TB_WAS,TB,pass,220.0,0.0,2.0,19,29,TB,WAS,10,2.0
2021_10_TB_WAS,TB,run,53.0,0.0,0.0,19,29,TB,WAS,10,0.0
2021_10_TB_WAS,WAS,pass,226.0,1.0,0.0,19,29,TB,WAS,10,1.0
2021_10_TB_WAS,WAS,run,94.0,0.0,0.0,19,29,TB,WAS,10,0.0
2021_11_ARI_SEA,ARI,pass,318.0,0.0,0.0,23,13,ARI,SEA,11,0.0
2021_11_ARI_SEA,ARI,run,97.0,0.0,0.0,23,13,ARI,SEA,11,0.0
2021_11_ARI_SEA,SEA,pass,180.0,0.0,0.0,23,13,ARI,SEA,11,0.0
2021_11_ARI_SEA,SEA,run,86.0,0.0,0.0,23,13,ARI,SEA,11,0.0
2021_11_BAL_CHI,BAL,pass,176.0,0.0,1.0,16,13,BAL,CHI,11,1.0
2021_11_BAL_CHI,BAL,run,123.0,0.0,0.0,16,13,BAL,CHI,11,0.0
2021_11_BAL_CHI,CHI,pass,261.0,1.0,0.0,16,13,BAL,CHI,11,1.0
2021_11_BAL_CHI,CHI,run,92.0,0.0,0.0,16,13,BAL,CHI,11,0.0
2021_11_CIN_LV,CIN,pass,129.0,1.0,0.0,32,13,CIN,LV,11,1.0
2021_11_CIN_LV,CIN,run,159.0,0.0,0.0,32,13,CIN,LV,11,0.0
2021_11_CIN_LV,LV,pass,206.0,1.0,1.0,32,13,CIN,LV,11,2.0
2021_11_CIN_LV,LV,run,72.0,0.0,0.0,32,13,CIN,LV,11,0.0
2021_11_DAL_KC,DAL,pass,194.0,1.0,2.0,9,19,DAL,KC,11,3.0
2021_11_DAL_KC,DAL,run,82.0,0.0,0.0,9,19,DAL,KC,11,0.0
2021_11_DAL_KC,KC,pass,244.0,1.0,1.0,9,19,DAL,KC,11,2.0
2021_11_DAL_KC,KC,run,128.0,0.0,0.0,9,19,DAL,KC,11,0.0
2021_11_DET_CLE,CLE,pass,165.0,0.0,2.0,10,13,DET,CLE,11,2.0
2021_11_DET_CLE,CLE,run,186.0,0.0,0.0,10,13,DET,CLE,11,0.0
2021_11_DET_CLE,DET,pass,77.0,0.0,2.0,10,13,DET,CLE,11,2.0
2021_11_DET_CLE,DET,run,168.0,0.0,0.0,10,13,DET,CLE,11,0.0
2021_11_GB_MIN,GB,pass,372.0,0.0,0.0,31,34,GB,MIN,11,0.0
2021_11_GB_MIN,GB,run,96.0,0.0,0.0,31,34,GB,MIN,11,0.0
2021_11_GB_MIN,MIN,pass,318.0,0.0,0.0,31,34,GB,MIN,11,0.0
2021_11_GB_MIN,MIN,run,96.0,0.0,0.0,31,34,GB,MIN,11,0.0
2021_11_HOU_TEN,HOU,pass,107.0,0.0,0.0,22,13,HOU,TEN,11,0.0
2021_11_HOU_TEN,HOU,run,83.0,0.0,0.0,22,13,HOU,TEN,11,0.0
2021_11_HOU_TEN,TEN,pass,317.0,0.0,4.0,22,13,HOU,TEN,11,4.0
2021_11_HOU_TEN,TEN,run,103.0,0.0,0.0,22,13,HOU,TEN,11,0.0
2021_11_IND_BUF,BUF,pass,220.0,0.0,3.0,41,15,IND,BUF,11,3.0
2021_11_IND_BUF,BUF,run,93.0,0.0,0.0,41,15,IND,BUF,11,0.0
2021_11_IND_BUF,IND,pass,106.0,0.0,0.0,41,15,IND,BUF,11,0.0
2021_11_IND_BUF,IND,run,264.0,0.0,0.0,41,15,IND,BUF,11,0.0
2021_11_MIA_NYJ,MIA,pass,273.0,0.0,1.0,24,17,MIA,NYJ,11,1.0
2021_11_MIA_NYJ,MIA,run,116.0,0.0,0.0,24,17,MIA,NYJ,11,0.0
2021_11_MIA_NYJ,NYJ,pass,278.0,1.0,0.0,24,17,MIA,NYJ,11,1.0
2021_11_MIA_NYJ,NYJ,run,102.0,0.0,0.0,24,17,MIA,NYJ,11,0.0
2021_11_NE_ATL,ATL,pass,125.0,0.0,4.0,25,0,NE,ATL,11,4.0
2021_11_NE_ATL,ATL,run,40.0,0.0,0.0,25,0,NE,ATL,11,0.0
2021_11_NE_ATL,NE,pass,174.0,0.0,1.0,25,0,NE,ATL,11,1.0
2021_11_NE_ATL,NE,run,138.0,0.0,0.0,25,0,NE,ATL,11,0.0
2021_11_NO_PHI,NO,pass,214.0,0.0,2.0,29,40,NO,PHI,11,2.0
2021_11_NO_PHI,NO,run,110.0,1.0,0.0,29,40,NO,PHI,11,1.0
2021_11_NO_PHI,PHI,pass,138.0,0.0,0.0,29,40,NO,PHI,11,0.0
2021_11_NO_PHI,PHI,run,244.0,1.0,0.0,29,40,NO,PHI,11,1.0
2021_11_NYG_TB,NYG,pass,149.0,1.0,2.0,10,30,NYG,TB,11,3.0
2021_11_NYG_TB,NYG,run,66.0,0.0,0.0,10,30,NYG,TB,11,0.0
2021_11_NYG_TB,TB,pass,308.0,0.0,1.0,10,30,NYG,TB,11,1.0
2021_11_NYG_TB,TB,run,96.0,0.0,0.0,10,30,NYG,TB,11,0.0
2021_11_PIT_LAC,LAC,pass,374.0,0.0,1.0,37,41,PIT,LAC,11,1.0
2021_11_PIT_LAC,LAC,run,162.0,0.0,0.0,37,41,PIT,LAC,11,0.0
2021_11_PIT_LAC,PIT,pass,245.0,0.0,0.0,37,41,PIT,LAC,11,0.0
2021_11_PIT_LAC,PIT,run,55.0,0.0,0.0,37,41,PIT,LAC,11,0.0
2021_11_SF_JAX,JAX,pass,146.0,1.0,0.0,30,10,SF,JAX,11,1.0
2021_11_SF_JAX,JAX,run,54.0,0.0,0.0,30,10,SF,JAX,11,0.0
2021_11_SF_JAX,SF,pass,162.0,0.0,0.0,30,10,SF,JAX,11,0.0
2021_11_SF_JAX,SF,run,174.0,0.0,0.0,30,10,SF,JAX,11,0.0
2021_11_WAS_CAR,CAR,pass,186.0,0.0,0.0,27,21,WAS,CAR,11,0.0
2021_11_WAS_CAR,CAR,run,112.0,0.0,0.0,27,21,WAS,CAR,11,0.0
2021_11_WAS_CAR,WAS,pass,179.0,0.0,0.0,27,21,WAS,CAR,11,0.0
2021_11_WAS_CAR,WAS,run,192.0,1.0,0.0,27,21,WAS,CAR,11,1.0
2021_12_ATL_JAX,ATL,pass,183.0,0.0,1.0,21,14,ATL,JAX,12,1.0
2021_12_ATL_JAX,ATL,run,151.0,0.0,0.0,21,14,ATL,JAX,12,0.0
2021_12_ATL_JAX,JAX,pass,218.0,0.0,1.0,21,14,ATL,JAX,12,1.0
2021_12_ATL_JAX,JAX,run,141.0,1.0,0.0,21,14,ATL,JAX,12,1.0
2021_12_BUF_NO,BUF,pass,248.0,0.0,2.0,31,6,BUF,NO,12,2.0
2021_12_BUF_NO,BUF,run,113.0,0.0,0.0,31,6,BUF,NO,12,0.0
2021_12_BUF_NO,NO,pass,146.0,0.0,1.0,31,6,BUF,NO,12,1.0
2021_12_BUF_NO,NO,run,45.0,0.0,0.0,31,6,BUF,NO,12,0.0
2021_12_CAR_MIA,CAR,pass,134.0,0.0,3.0,10,33,CAR,MIA,12,3.0
2021_12_CAR_MIA,CAR,run,64.0,0.0,0.0,10,33,CAR,MIA,12,0.0
2021_12_CAR_MIA,MIA,pass,204.0,0.0,0.0,10,33,CAR,MIA,12,0.0
2021_12_CAR_MIA,MIA,run,113.0,1.0,0.0,10,33,CAR,MIA,12,1.0
2021_12_CHI_DET,CHI,pass,310.0,0.0,1.0,16,14,CHI,DET,12,1.0
2021_12_CHI_DET,CHI,run,74.0,0.0,0.0,16,14,CHI,DET,12,0.0
2021_12_CHI_DET,DET,pass,163.0,1.0,0.0,16,14,CHI,DET,12,1.0
2021_12_CHI_DET,DET,run,76.0,0.0,0.0,16,14,CHI,DET,12,0.0
2021_12_CLE_BAL,BAL,pass,155.0,0.0,4.0,10,16,CLE,BAL,12,4.0
2021_12_CLE_BAL,BAL,run,150.0,0.0,0.0,10,16,CLE,BAL,12,0.0
2021_12_CLE_BAL,CLE,pass,222.0,2.0,0.0,10,16,CLE,BAL,12,2.0
2021_12_CLE_BAL,CLE,run,40.0,0.0,0.0,10,16,CLE,BAL,12,0.0
2021_12_LAC_DEN,DEN,pass,155.0,0.0,1.0,13,28,LAC,DEN,12,1.0
2021_12_LAC_DEN,DEN,run,148.0,0.0,0.0,13,28,LAC,DEN,12,0.0
2021_12_LAC_DEN,LAC,pass,285.0,0.0,2.0,13,28,LAC,DEN,12,2.0
2021_12_LAC_DEN,LAC,run,72.0,0.0,0.0,13,28,LAC,DEN,12,0.0
2021_12_LA_GB,GB,pass,307.0,0.0,0.0,28,36,LA,GB,12,0.0
2021_12_LA_GB,GB,run,93.0,0.0,0.0,28,36,LA,GB,12,0.0
2021_12_LA_GB,LA,pass,287.0,1.0,1.0,28,36,LA,GB,12,2.0
2021_12_LA_GB,LA,run,69.0,0.0,0.0,28,36,LA,GB,12,0.0
2021_12_LV_DAL,DAL,pass,375.0,0.0,0.0,36,33,LV,DAL,12,0.0
2021_12_LV_DAL,DAL,run,64.0,0.0,0.0,36,33,LV,DAL,12,0.0
2021_12_LV_DAL,LV,pass,366.0,0.0,0.0,36,33,LV,DAL,12,0.0
2021_12_LV_DAL,LV,run,144.0,0.0,0.0,36,33,LV,DAL,12,0.0
2021_12_MIN_SF,MIN,pass,256.0,0.0,1.0,26,34,MIN,SF,12,1.0
2021_12_MIN_SF,MIN,run,67.0,1.0,0.0,26,34,MIN,SF,12,1.0
2021_12_MIN_SF,SF,pass,215.0,0.0,1.0,26,34,MIN,SF,12,1.0
2021_12_MIN_SF,SF,run,210.0,0.0,0.0,26,34,MIN,SF,12,0.0
2021_12_NYJ_HOU,HOU,pass,106.0,0.0,1.0,21,14,NYJ,HOU,12,1.0
2021_12_NYJ_HOU,HOU,run,96.0,0.0,0.0,21,14,NYJ,HOU,12,0.0
2021_12_NYJ_HOU,NYJ,pass,109.0,0.0,1.0,21,14,NYJ,HOU,12,1.0
2021_12_NYJ_HOU,NYJ,run,160.0,0.0,0.0,21,14,NYJ,HOU,12,0.0
2021_12_PHI_NYG,NYG,pass,194.0,0.0,0.0,7,13,PHI,NYG,12,0.0
2021_12_PHI_NYG,NYG,run,71.0,0.0,0.0,7,13,PHI,NYG,12,0.0
2021_12_PHI_NYG,PHI,pass,124.0,0.0,3.0,7,13,PHI,NYG,12,3.0
2021_12_PHI_NYG,PHI,run,208.0,1.0,0.0,7,13,PHI,NYG,12,1.0
2021_12_PIT_CIN,CIN,pass,172.0,0.0,1.0,10,41,PIT,CIN,12,1.0
2021_12_PIT_CIN,CIN,run,198.0,0.0,0.0,10,41,PIT,CIN,12,0.0
2021_12_PIT_CIN,PIT,pass,250.0,1.0,2.0,10,41,PIT,CIN,12,3.0
2021_12_PIT_CIN,PIT,run,51.0,0.0,0.0,10,41,PIT,CIN,12,0.0
2021_12_SEA_WAS,SEA,pass,233.0,1.0,0.0,15,17,SEA,WAS,12,1.0
2021_12_SEA_WAS,SEA,run,34.0,0.0,0.0,15,17,SEA,WAS,12,0.0
2021_12_SEA_WAS,WAS,pass,219.0,0.0,1.0,15,17,SEA,WAS,12,1.0
2021_12_SEA_WAS,WAS,run,156.0,0.0,0.0,15,17,SEA,WAS,12,0.0
2021_12_TB_IND,IND,pass,285.0,2.0,2.0,38,31,TB,IND,12,4.0
2021_12_TB_IND,IND,run,107.0,0.0,0.0,38,31,TB,IND,12,0.0
2021_12_TB_IND,TB,pass,217.0,1.0,1.0,38,31,TB,IND,12,2.0
2021_12_TB_IND,TB,run,143.0,0.0,0.0,38,31,TB,IND,12,0.0
2021_12_TEN_NE,NE,pass,289.0,0.0,0.0,13,36,TEN,NE,12,0.0
2021_12_TEN_NE,NE,run,106.0,0.0,0.0,13,36,TEN,NE,12,0.0
2021_12_TEN_NE,TEN,pass,85.0,0.0,1.0,13,36,TEN,NE,12,1.0
2021_12_TEN_NE,TEN,run,271.0,3.0,0.0,13,36,TEN,NE,12,3.0
2021_13_ARI_CHI,ARI,pass,120.0,0.0,0.0,33,22,ARI,CHI,13,0.0
2021_13_ARI_CHI,ARI,run,137.0,0.0,0.0,33,22,ARI,CHI,13,0.0
2021_13_ARI_CHI,CHI,pass,219.0,0.0,4.0,33,22,ARI,CHI,13,4.0
2021_13_ARI_CHI,CHI,run,112.0,0.0,0.0,33,22,ARI,CHI,13,0.0
2021_13_BAL_PIT,BAL,pass,219.0,0.0,1.0,19,20,BAL,PIT,13,1.0
2021_13_BAL_PIT,BAL,run,107.0,0.0,0.0,19,20,BAL,PIT,13,0.0
2021_13_BAL_PIT,PIT,pass,238.0,0.0,0.0,19,20,BAL,PIT,13,0.0
2021_13_BAL_PIT,PIT,run,86.0,0.0,0.0,19,20,BAL,PIT,13,0.0
2021_13_DAL_NO,DAL,pass,231.0,0.0,1.0,27,17,DAL,NO,13,1.0
2021_13_DAL_NO,DAL,run,149.0,0.0,0.0,27,17,DAL,NO,13,0.0
2021_13_DAL_NO,NO,pass,252.0,0.0,4.0,27,17,DAL,NO,13,4.0
2021_13_DAL_NO,NO,run,153.0,0.0,0.0,27,17,DAL,NO,13,0.0
2021_13_DEN_KC,DEN,pass,250.0,0.0,2.0,9,22,DEN,KC,13,2.0
2021_13_DEN_KC,DEN,run,154.0,0.0,0.0,9,22,DEN,KC,13,0.0
2021_13_DEN_KC,KC,pass,178.0,0.0,1.0,9,22,DEN,KC,13,1.0
2021_13_DEN_KC,KC,run,91.0,0.0,0.0,9,22,DEN,KC,13,0.0
2021_13_IND_HOU,HOU,pass,57.0,1.0,1.0,31,0,IND,HOU,13,2.0
2021_13_IND_HOU,HOU,run,84.0,0.0,0.0,31,0,IND,HOU,13,0.0
2021_13_IND_HOU,IND,pass,151.0,0.0,0.0,31,0,IND,HOU,13,0.0
2021_13_IND_HOU,IND,run,240.0,1.0,0.0,31,0,IND,HOU,13,1.0
2021_13_JAX_LA,JAX,pass,136.0,0.0,0.0,7,37,JAX,LA,13,0.0
2021_13_JAX_LA,JAX,run,61.0,2.0,0.0,7,37,JAX,LA,13,2.0
2021_13_JAX_LA,LA,pass,290.0,0.0,0.0,7,37,JAX,LA,13,0.0
2021_13_JAX_LA,LA,run,128.0,0.0,0.0,7,37,JAX,LA,13,0.0
2021_13_LAC_CIN,CIN,pass,260.0,1.0,2.0,41,22,LAC,CIN,13,3.0
2021_13_LAC_CIN,CIN,run,96.0,1.0,0.0,41,22,LAC,CIN,13,1.0
2021_13_LAC_CIN,LAC,pass,286.0,2.0,1.0,41,22,LAC,CIN,13,3.0
2021_13_LAC_CIN,LAC,run,79.0,0.0,0.0,41,22,LAC,CIN,13,0.0
2021_13_MIN_DET,DET,pass,272.0,1.0,1.0,27,29,MIN,DET,13,2.0
2021_13_MIN_DET,DET,run,100.0,0.0,0.0,27,29,MIN,DET,13,0.0
2021_13_MIN_DET,MIN,pass,326.0,1.0,0.0,27,29,MIN,DET,13,1.0
2021_13_MIN_DET,MIN,run,101.0,0.0,0.0,27,29,MIN,DET,13,0.0
2021_13_NE_BUF,BUF,pass,131.0,0.0,0.0,14,10,NE,BUF,13,0.0
2021_13_NE_BUF,BUF,run,99.0,1.0,0.0,14,10,NE,BUF,13,1.0
2021_13_NE_BUF,NE,pass,19.0,0.0,0.0,14,10,NE,BUF,13,0.0
2021_13_NE_BUF,NE,run,232.0,0.0,0.0,14,10,NE,BUF,13,0.0
2021_13_NYG_MIA,MIA,pass,229.0,0.0,0.0,9,20,NYG,MIA,13,0.0
2021_13_NYG_MIA,MIA,run,69.0,0.0,0.0,9,20,NYG,MIA,13,0.0
2021_13_NYG_MIA,NYG,pass,159.0,0.0,1.0,9,20,NYG,MIA,13,1.0
2021_13_NYG_MIA,NYG,run,91.0,0.0,0.0,9,20,NYG,MIA,13,0.0
2021_13_PHI_NYJ,NYJ,pass,211.0,0.0,1.0,33,18,PHI,NYJ,13,1.0
2021_13_PHI_NYJ,NYJ,run,71.0,0.0,0.0,33,18,PHI,NYJ,13,0.0
2021_13_PHI_NYJ,PHI,pass,233.0,0.0,0.0,33,18,PHI,NYJ,13,0.0
2021_13_PHI_NYJ,PHI,run,185.0,0.0,0.0,33,18,PHI,NYJ,13,0.0
2021_13_SF_SEA,SEA,pass,181.0,2.0,1.0,23,30,SF,SEA,13,3.0
2021_13_SF_SEA,SEA,run,147.0,0.0,0.0,23,30,SF,SEA,13,0.0
2021_13_SF_SEA,SF,pass,294.0,0.0,2.0,23,30,SF,SEA,13,2.0
2021_13_SF_SEA,SF,run,72.0,0.0,0.0,23,30,SF,SEA,13,0.0
2021_13_TB_ATL,ATL,pass,259.0,1.0,0.0,30,17,TB,ATL,13,1.0
2021_13_TB_ATL,ATL,run,121.0,0.0,0.0,30,17,TB,ATL,13,0.0
2021_13_TB_ATL,TB,pass,368.0,0.0,1.0,30,17,TB,ATL,13,1.0
2021_13_TB_ATL,TB,run,58.0,0.0,0.0,30,17,TB,ATL,13,0.0
2021_13_WAS_LV,LV,pass,234.0,0.0,0.0,17,15,WAS,LV,13,0.0
2021_13_WAS_LV,LV,run,76.0,0.0,0.0,17,15,WAS,LV,13,0.0
2021_13_WAS_LV,WAS,pass,186.0,0.0,1.0,17,15,WAS,LV,13,1.0
2021_13_WAS_LV,WAS,run,113.0,0.0,0.0,17,15,WAS,LV,13,0.0
2021_14_ATL_CAR,ATL,pass,190.0,0.0,0.0,29,21,ATL,CAR,14,0.0
2021_14_ATL_CAR,ATL,run,130.0,1.0,0.0,29,21,ATL,CAR,14,1.0
2021_14_ATL_CAR,CAR,pass,243.0,0.0,2.0,29,21,ATL,CAR,14,2.0
2021_14_ATL_CAR,CAR,run,91.0,1.0,0.0,29,21,ATL,CAR,14,1.0
2021_14_BAL_CLE,BAL,pass,271.0,2.0,0.0,22,24,BAL,CLE,14,2.0
2021_14_BAL_CLE,BAL,run,118.0,0.0,0.0,22,24,BAL,CLE,14,0.0
2021_14_BAL_CLE,CLE,pass,190.0,0.0,1.0,22,24,BAL,CLE,14,1.0
2021_14_BAL_CLE,CLE,run,102.0,0.0,0.0,22,24,BAL,CLE,14,0.0
2021_14_BUF_TB,BUF,pass,293.0,0.0,1.0,27,33,BUF,TB,14,1.0
2021_14_BUF_TB,BUF,run,173.0,0.0,0.0,27,33,BUF,TB,14,0.0
2021_14_BUF_TB,TB,pass,351.0,0.0,0.0,27,33,BUF,TB,14,0.0
2021_14_BUF_TB,TB,run,139.0,0.0,0.0,27,33,BUF,TB,14,0.0
2021_14_CHI_GB,CHI,pass,210.0,1.0,2.0,30,45,CHI,GB,14,3.0
2021_14_CHI_GB,CHI,run,137.0,0.0,0.0,30,45,CHI,GB,14,0.0
2021_14_CHI_GB,GB,pass,320.0,0.0,0.0,30,45,CHI,GB,14,0.0
2021_14_CHI_GB,GB,run,120.0,0.0,0.0,30,45,CHI,GB,14,0.0
2021_14_DAL_WAS,DAL,pass,201.0,0.0,2.0,27,20,DAL,WAS,14,2.0
2021_14_DAL_WAS,DAL,run,127.0,0.0,0.0,27,20,DAL,WAS,14,0.0
2021_14_DAL_WAS,WAS,pass,124.0,3.0,1.0,27,20,DAL,WAS,14,4.0
2021_14_DAL_WAS,WAS,run,103.0,0.0,0.0,27,20,DAL,WAS,14,0.0
2021_14_DET_DEN,DEN,pass,174.0,0.0,0.0,10,38,DET,DEN,14,0.0
2021_14_DET_DEN,DEN,run,184.0,0.0,0.0,10,38,DET,DEN,14,0.0
2021_14_DET_DEN,DET,pass,198.0,0.0,1.0,10,38,DET,DEN,14,1.0
2021_14_DET_DEN,DET,run,118.0,1.0,0.0,10,38,DET,DEN,14,1.0
2021_14_JAX_TEN,JAX,pass,184.0,0.0,4.0,0,20,JAX,TEN,14,4.0
2021_14_JAX_TEN,JAX,run,8.0,0.0,0.0,0,20,JAX,TEN,14,0.0
2021_14_JAX_TEN,TEN,pass,161.0,0.0,0.0,0,20,JAX,TEN,14,0.0
2021_14_JAX_TEN,TEN,run,105.0,0.0,0.0,0,20,JAX,TEN,14,0.0
2021_14_LA_ARI,ARI,pass,344.0,0.0,2.0,30,23,LA,ARI,14,2.0
2021_14_LA_ARI,ARI,run,103.0,0.0,0.0,30,23,LA,ARI,14,0.0
2021_14_LA_ARI,LA,pass,267.0,0.0,0.0,30,23,LA,ARI,14,0.0
2021_14_LA_ARI,LA,run,89.0,0.0,0.0,30,23,LA,ARI,14,0.0
2021_14_LV_KC,KC,pass,240.0,0.0,0.0,9,48,LV,KC,14,0.0
2021_14_LV_KC,KC,run,134.0,0.0,0.0,9,48,LV,KC,14,0.0
2021_14_LV_KC,LV,pass,246.0,3.0,1.0,9,48,LV,KC,14,4.0
2021_14_LV_KC,LV,run,44.0,1.0,0.0,9,48,LV,KC,14,1.0
2021_14_NO_NYJ,NO,pass,141.0,0.0,0.0,30,9,NO,NYJ,14,0.0
2021_14_NO_NYJ,NO,run,203.0,0.0,0.0,30,9,NO,NYJ,14,0.0
2021_14_NO_NYJ,NYJ,pass,178.0,0.0,0.0,30,9,NO,NYJ,14,0.0
2021_14_NO_NYJ,NYJ,run,78.0,0.0,0.0,30,9,NO,NYJ,14,0.0
2021_14_NYG_LAC,LAC,pass,271.0,0.0,0.0,21,37,NYG,LAC,14,0.0
2021_14_NYG_LAC,LAC,run,154.0,0.0,0.0,21,37,NYG,LAC,14,0.0
2021_14_NYG_LAC,NYG,pass,181.0,1.0,1.0,21,37,NYG,LAC,14,2.0
2021_14_NYG_LAC,NYG,run,137.0,0.0,0.0,21,37,NYG,LAC,14,0.0
2021_14_PIT_MIN,MIN,pass,216.0,0.0,2.0,28,36,PIT,MIN,14,2.0
2021_14_PIT_MIN,MIN,run,242.0,0.0,0.0,28,36,PIT,MIN,14,0.0
2021_14_PIT_MIN,PIT,pass,271.0,0.0,1.0,28,36,PIT,MIN,14,1.0
2021_14_PIT_MIN,PIT,run,106.0,0.0,0.0,28,36,PIT,MIN,14,0.0
2021_14_SEA_HOU,HOU,pass,317.0,0.0,0.0,33,13,SEA,HOU,14,0.0
2021_14_SEA_HOU,HOU,run,63.0,0.0,0.0,33,13,SEA,HOU,14,0.0
2021_14_SEA_HOU,SEA,pass,262.0,0.0,0.0,33,13,SEA,HOU,14,0.0
2021_14_SEA_HOU,SEA,run,193.0,0.0,0.0,33,13,SEA,HOU,14,0.0
2021_14_SF_CIN,CIN,pass,311.0,0.0,0.0,26,23,SF,CIN,14,0.0
2021_14_SF_CIN,CIN,run,87.0,0.0,0.0,26,23,SF,CIN,14,0.0
2021_14_SF_CIN,SF,pass,255.0,0.0,0.0,26,23,SF,CIN,14,0.0
2021_14_SF_CIN,SF,run,100.0,0.0,0.0,26,23,SF,CIN,14,0.0
2021_15_ARI_DET,ARI,pass,293.0,0.0,1.0,12,30,ARI,DET,15,1.0
2021_15_ARI_DET,ARI,run,106.0,0.0,0.0,12,30,ARI,DET,15,0.0
2021_15_ARI_DET,DET,pass,212.0,0.0,0.0,12,30,ARI,DET,15,0.0
2021_15_ARI_DET,DET,run,126.0,1.0,0.0,12,30,ARI,DET,15,1.0
2021_15_ATL_SF,ATL,pass,213.0,1.0,0.0,13,31,ATL,SF,15,1.0
2021_15_ATL_SF,ATL,run,62.0,0.0,0.0,13,31,ATL,SF,15,0.0
2021_15_ATL_SF,SF,pass,235.0,0.0,0.0,13,31,ATL,SF,15,0.0
2021_15_ATL_SF,SF,run,162.0,0.0,0.0,13,31,ATL,SF,15,0.0
2021_15_CAR_BUF,BUF,pass,193.0,0.0,1.0,14,31,CAR,BUF,15,1.0
2021_15_CAR_BUF,BUF,run,121.0,0.0,0.0,14,31,CAR,BUF,15,0.0
2021_15_CAR_BUF,CAR,pass,126.0,0.0,1.0,14,31,CAR,BUF,15,1.0
2021_15_CAR_BUF,CAR,run,151.0,0.0,0.0,14,31,CAR,BUF,15,0.0
2021_15_CIN_DEN,CIN,pass,136.0,0.0,0.0,15,10,CIN,DEN,15,0.0
2021_15_CIN_DEN,CIN,run,114.0,0.0,0.0,15,10,CIN,DEN,15,0.0
2021_15_CIN_DEN,DEN,pass,159.0,0.0,0.0,15,10,CIN,DEN,15,0.0
2021_15_CIN_DEN,DEN,run,133.0,1.0,0.0,15,10,CIN,DEN,15,1.0
2021_15_DAL_NYG,DAL,pass,203.0,1.0,0.0,21,6,DAL,NYG,15,1.0
2021_15_DAL_NYG,DAL,run,126.0,0.0,0.0,21,6,DAL,NYG,15,0.0
2021_15_DAL_NYG,NYG,pass,178.0,0.0,3.0,21,6,DAL,NYG,15,3.0
2021_15_DAL_NYG,NYG,run,124.0,1.0,0.0,21,6,DAL,NYG,15,1.0
2021_15_GB_BAL,BAL,pass,211.0,0.0,0.0,31,30,GB,BAL,15,0.0
2021_15_GB_BAL,BAL,run,144.0,0.0,0.0,31,30,GB,BAL,15,0.0
2021_15_GB_BAL,GB,pass,250.0,0.0,0.0,31,30,GB,BAL,15,0.0
2021_15_GB_BAL,GB,run,98.0,0.0,0.0,31,30,GB,BAL,15,0.0
2021_15_HOU_JAX,HOU,pass,206.0,0.0,1.0,30,16,HOU,JAX,15,1.0
2021_15_HOU_JAX,HOU,run,75.0,0.0,0.0,30,16,HOU,JAX,15,0.0
2021_15_HOU_JAX,JAX,pass,189.0,0.0,0.0,30,16,HOU,JAX,15,0.0
2021_15_HOU_JAX,JAX,run,107.0,0.0,0.0,30,16,HOU,JAX,15,0.0
2021_15_KC_LAC,KC,pass,410.0,1.0,1.0,34,28,KC,LAC,15,2.0
2021_15_KC_LAC,KC,run,87.0,0.0,0.0,34,28,KC,LAC,15,0.0
2021_15_KC_LAC,LAC,pass,236.0,0.0,1.0,34,28,KC,LAC,15,1.0
2021_15_KC_LAC,LAC,run,192.0,1.0,0.0,34,28,KC,LAC,15,1.0
2021_15_LV_CLE,CLE,pass,147.0,0.0,0.0,16,14,LV,CLE,15,0.0
2021_15_LV_CLE,CLE,run,89.0,0.0,0.0,16,14,LV,CLE,15,0.0
2021_15_LV_CLE,LV,pass,230.0,1.0,1.0,16,14,LV,CLE,15,2.0
2021_15_LV_CLE,LV,run,98.0,0.0,0.0,16,14,LV,CLE,15,0.0
2021_15_MIN_CHI,CHI,pass,255.0,0.0,0.0,17,9,MIN,CHI,15,0.0
2021_15_MIN_CHI,CHI,run,115.0,2.0,0.0,17,9,MIN,CHI,15,2.0
2021_15_MIN_CHI,MIN,pass,61.0,0.0,1.0,17,9,MIN,CHI,15,1.0
2021_15_MIN_CHI,MIN,run,132.0,0.0,0.0,17,9,MIN,CHI,15,0.0
2021_15_NE_IND,IND,pass,49.0,0.0,1.0,17,27,NE,IND,15,1.0
2021_15_NE_IND,IND,run,228.0,0.0,0.0,17,27,NE,IND,15,0.0
2021_15_NE_IND,NE,pass,284.0,0.0,2.0,17,27,NE,IND,15,2.0
2021_15_NE_IND,NE,run,81.0,0.0,0.0,17,27,NE,IND,15,0.0
2021_15_NO_TB,NO,pass,151.0,0.0,0.0,9,0,NO,TB,15,0.0
2021_15_NO_TB,NO,run,61.0,0.0,0.0,9,0,NO,TB,15,0.0
2021_15_NO_TB,TB,pass,184.0,0.0,1.0,9,0,NO,TB,15,1.0
2021_15_NO_TB,TB,run,118.0,1.0,0.0,9,0,NO,TB,15,1.0
2021_15_NYJ_MIA,MIA,pass,196.0,0.0,2.0,24,31,NYJ,MIA,15,2.0
2021_15_NYJ_MIA,MIA,run,186.0,1.0,0.0,24,31,NYJ,MIA,15,1.0
2021_15_NYJ_MIA,NYJ,pass,126.0,1.0,0.0,24,31,NYJ,MIA,15,1.0
2021_15_NYJ_MIA,NYJ,run,102.0,0.0,0.0,24,31,NYJ,MIA,15,0.0
2021_15_SEA_LA,LA,pass,209.0,0.0,1.0,10,20,SEA,LA,15,1.0
2021_15_SEA_LA,LA,run,126.0,0.0,0.0,10,20,SEA,LA,15,0.0
2021_15_SEA_LA,SEA,pass,134.0,0.0,1.0,10,20,SEA,LA,15,1.0
2021_15_SEA_LA,SEA,run,80.0,0.0,0.0,10,20,SEA,LA,15,0.0
2021_15_TEN_PIT,PIT,pass,133.0,0.0,0.0,13,19,TEN,PIT,15,0.0
2021_15_TEN_PIT,PIT,run,36.0,0.0,0.0,13,19,TEN,PIT,15,0.0
2021_15_TEN_PIT,TEN,pass,117.0,2.0,1.0,13,19,TEN,PIT,15,3.0
2021_15_TEN_PIT,TEN,run,201.0,1.0,0.0,13,19,TEN,PIT,15,1.0
2021_15_WAS_PHI,PHI,pass,281.0,1.0,1.0,17,27,WAS,PHI,15,2.0
2021_15_WAS_PHI,PHI,run,238.0,0.0,0.0,17,27,WAS,PHI,15,0.0
2021_15_WAS_PHI,WAS,pass,174.0,0.0,0.0,17,27,WAS,PHI,15,0.0
2021_15_WAS_PHI,WAS,run,63.0,0.0,0.0,17,27,WAS,PHI,15,0.0
2021_16_BAL_CIN,BAL,pass,295.0,0.0,1.0,21,41,BAL,CIN,16,1.0
2021_16_BAL_CIN,BAL,run,39.0,0.0,0.0,21,41,BAL,CIN,16,0.0
2021_16_BAL_CIN,CIN,pass,498.0,0.0,0.0,21,41,BAL,CIN,16,0.0
2021_16_BAL_CIN,CIN,run,78.0,0.0,0.0,21,41,BAL,CIN,16,0.0
2021_16_BUF_NE,BUF,pass,314.0,0.0,0.0,33,21,BUF,NE,16,0.0
2021_16_BUF_NE,BUF,run,115.0,0.0,0.0,33,21,BUF,NE,16,0.0
2021_16_BUF_NE,NE,pass,139.0,0.0,2.0,33,21,BUF,NE,16,2.0
2021_16_BUF_NE,NE,run,149.0,0.0,0.0,33,21,BUF,NE,16,0.0
2021_16_CHI_SEA,CHI,pass,231.0,0.0,0.0,25,24,CHI,SEA,16,0.0
2021_16_CHI_SEA,CHI,run,89.0,0.0,0.0,25,24,CHI,SEA,16,0.0
2021_16_CHI_SEA,SEA,pass,161.0,0.0,0.0,25,24,CHI,SEA,16,0.0
2021_16_CHI_SEA,SEA,run,170.0,0.0,0.0,25,24,CHI,SEA,16,0.0
2021_16_CLE_GB,CLE,pass,189.0,0.0,4.0,22,24,CLE,GB,16,4.0
2021_16_CLE_GB,CLE,run,220.0,0.0,0.0,22,24,CLE,GB,16,0.0
2021_16_CLE_GB,GB,pass,202.0,0.0,0.0,22,24,CLE,GB,16,0.0
2021_16_CLE_GB,GB,run,110.0,0.0,0.0,22,24,CLE,GB,16,0.0
2021_16_DEN_LV,DEN,pass,140.0,0.0,0.0,13,17,DEN,LV,16,0.0
2021_16_DEN_LV,DEN,run,18.0,0.0,0.0,13,17,DEN,LV,16,0.0
2021_16_DEN_LV,LV,pass,182.0,1.0,1.0,13,17,DEN,LV,16,2.0
2021_16_DEN_LV,LV,run,164.0,1.0,0.0,13,17,DEN,LV,16,1.0
2021_16_DET_ATL,ATL,pass,207.0,1.0,0.0,16,20,DET,ATL,16,1.0
2021_16_DET_ATL,ATL,run,48.0,0.0,0.0,16,20,DET,ATL,16,0.0
2021_16_DET_ATL,DET,pass,208.0,0.0,1.0,16,20,DET,ATL,16,1.0
2021_16_DET_ATL,DET,run,130.0,0.0,0.0,16,20,DET,ATL,16,0.0
2021_16_IND_ARI,ARI,pass,245.0,0.0,0.0,22,16,IND,ARI,16,0.0
2021_16_IND_ARI,ARI,run,133.0,0.0,0.0,22,16,IND,ARI,16,0.0
2021_16_IND_ARI,IND,pass,220.0,0.0,0.0,22,16,IND,ARI,16,0.0
2021_16_IND_ARI,IND,run,127.0,0.0,0.0,22,16,IND,ARI,16,0.0
2021_16_JAX_NYJ,JAX,pass,252.0,1.0,0.0,21,26,JAX,NYJ,16,1.0
2021_16_JAX_NYJ,JAX,run,133.0,0.0,0.0,21,26,JAX,NYJ,16,0.0
2021_16_JAX_NYJ,NYJ,pass,100.0,0.0,0.0,21,26,JAX,NYJ,16,0.0
2021_16_JAX_NYJ,NYJ,run,273.0,0.0,0.0,21,26,JAX,NYJ,16,0.0
2021_16_LAC_HOU,HOU,pass,248.0,0.0,0.0,29,41,LAC,HOU,16,0.0
2021_16_LAC_HOU,HOU,run,190.0,0.0,0.0,29,41,LAC,HOU,16,0.0
2021_16_LAC_HOU,LAC,pass,330.0,0.0,2.0,29,41,LAC,HOU,16,2.0
2021_16_LAC_HOU,LAC,run,89.0,1.0,0.0,29,41,LAC,HOU,16,1.0
2021_16_LA_MIN,LA,pass,197.0,0.0,3.0,30,23,LA,MIN,16,3.0
2021_16_LA_MIN,LA,run,160.0,0.0,0.0,30,23,LA,MIN,16,0.0
2021_16_LA_MIN,MIN,pass,295.0,0.0,1.0,30,23,LA,MIN,16,1.0
2021_16_LA_MIN,MIN,run,66.0,0.0,0.0,30,23,LA,MIN,16,0.0
2021_16_MIA_NO,MIA,pass,173.0,0.0,1.0,20,3,MIA,NO,16,1.0
2021_16_MIA_NO,MIA,run,86.0,0.0,0.0,20,3,MIA,NO,16,0.0
2021_16_MIA_NO,NO,pass,81.0,0.0,2.0,20,3,MIA,NO,16,2.0
2021_16_MIA_NO,NO,run,83.0,0.0,0.0,20,3,MIA,NO,16,0.0
2021_16_NYG_PHI,NYG,pass,108.0,0.0,2.0,10,34,NYG,PHI,16,2.0
2021_16_NYG_PHI,NYG,run,84.0,0.0,0.0,10,34,NYG,PHI,16,0.0
2021_16_NYG_PHI,PHI,pass,194.0,0.0,0.0,10,34,NYG,PHI,16,0.0
2021_16_NYG_PHI,PHI,run,130.0,0.0,0.0,10,34,NYG,PHI,16,0.0
2021_16_PIT_KC,KC,pass,254.0,0.0,0.0,10,36,PIT,KC,16,0.0
2021_16_PIT_KC,KC,run,127.0,0.0,0.0,10,36,PIT,KC,16,0.0
2021_16_PIT_KC,PIT,pass,173.0,2.0,1.0,10,36,PIT,KC,16,3.0
2021_16_PIT_KC,PIT,run,130.0,0.0,0.0,10,36,PIT,KC,16,0.0
2021_16_SF_TEN,SF,pass,306.0,0.0,2.0,17,20,SF,TEN,16,2.0
2021_16_SF_TEN,SF,run,83.0,0.0,0.0,17,20,SF,TEN,16,0.0
2021_16_SF_TEN,TEN,pass,188.0,0.0,0.0,17,20,SF,TEN,16,0.0
2021_16_SF_TEN,TEN,run,90.0,0.0,0.0,17,20,SF,TEN,16,0.0
2021_16_TB_CAR,CAR,pass,206.0,0.0,1.0,32,6,TB,CAR,16,1.0
2021_16_TB_CAR,CAR,run,67.0,0.0,0.0,32,6,TB,CAR,16,0.0
2021_16_TB_CAR,TB,pass,232.0,0.0,0.0,32,6,TB,CAR,16,0.0
2021_16_TB_CAR,TB,run,159.0,0.0,0.0,32,6,TB,CAR,16,0.0
2021_16_WAS_DAL,DAL,pass,389.0,0.0,0.0,14,56,WAS,DAL,16,0.0
2021_16_WAS_DAL,DAL,run,110.0,0.0,0.0,14,56,WAS,DAL,16,0.0
2021_16_WAS_DAL,WAS,pass,172.0,0.0,2.0,14,56,WAS,DAL,16,2.0
2021_16_WAS_DAL,WAS,run,86.0,0.0,0.0,14,56,WAS,DAL,16,0.0
2021_17_ARI_DAL,ARI,pass,272.0,0.0,0.0,25,22,ARI,DAL,17,0.0
2021_17_ARI_DAL,ARI,run,130.0,0.0,0.0,25,22,ARI,DAL,17,0.0
2021_17_ARI_DAL,DAL,pass,258.0,0.0,0.0,25,22,ARI,DAL,17,0.0
2021_17_ARI_DAL,DAL,run,45.0,1.0,0.0,25,22,ARI,DAL,17,1.0
2021_17_ATL_BUF,ATL,pass,169.0,1.0,0.0,15,29,ATL,BUF,17,1.0
2021_17_ATL_BUF,ATL,run,96.0,0.0,0.0,15,29,ATL,BUF,17,0.0
2021_17_ATL_BUF,BUF,pass,120.0,0.0,3.0,15,29,ATL,BUF,17,3.0
2021_17_ATL_BUF,BUF,run,236.0,0.0,0.0,15,29,ATL,BUF,17,0.0
2021_17_CAR_NO,CAR,pass,90.0,1.0,1.0,10,18,CAR,NO,17,2.0
2021_17_CAR_NO,CAR,run,88.0,0.0,0.0,10,18,CAR,NO,17,0.0
2021_17_CAR_NO,NO,pass,207.0,0.0,0.0,10,18,CAR,NO,17,0.0
2021_17_CAR_NO,NO,run,76.0,0.0,0.0,10,18,CAR,NO,17,0.0
2021_17_CLE_PIT,CLE,pass,139.0,0.0,2.0,14,26,CLE,PIT,17,2.0
2021_17_CLE_PIT,CLE,run,93.0,0.0,0.0,14,26,CLE,PIT,17,0.0
2021_17_CLE_PIT,PIT,pass,109.0,0.0,1.0,14,26,CLE,PIT,17,1.0
2021_17_CLE_PIT,PIT,run,191.0,0.0,0.0,14,26,CLE,PIT,17,0.0
2021_17_DEN_LAC,DEN,pass,236.0,0.0,0.0,13,34,DEN,LAC,17,0.0
2021_17_DEN_LAC,DEN,run,83.0,0.0,0.0,13,34,DEN,LAC,17,0.0
2021_17_DEN_LAC,LAC,pass,237.0,0.0,0.0,13,34,DEN,LAC,17,0.0
2021_17_DEN_LAC,LAC,run,106.0,0.0,0.0,13,34,DEN,LAC,17,0.0
2021_17_DET_SEA,DET,pass,264.0,0.0,3.0,29,51,DET,SEA,17,3.0
2021_17_DET_SEA,DET,run,95.0,0.0,0.0,29,51,DET,SEA,17,0.0
2021_17_DET_SEA,SEA,pass,232.0,0.0,0.0,29,51,DET,SEA,17,0.0
2021_17_DET_SEA,SEA,run,266.0,0.0,0.0,29,51,DET,SEA,17,0.0
2021_17_HOU_SF,HOU,pass,136.0,0.0,1.0,7,23,HOU,SF,17,1.0
2021_17_HOU_SF,HOU,run,86.0,0.0,0.0,7,23,HOU,SF,17,0.0
2021_17_HOU_SF,SF,pass,241.0,0.0,1.0,7,23,HOU,SF,17,1.0
2021_17_HOU_SF,SF,run,175.0,0.0,0.0,7,23,HOU,SF,17,0.0
2021_17_JAX_NE,JAX,pass,173.0,0.0,3.0,10,50,JAX,NE,17,3.0
2021_17_JAX_NE,JAX,run,80.0,0.0,0.0,10,50,JAX,NE,17,0.0
2021_17_JAX_NE,NE,pass,290.0,0.0,0.0,10,50,JAX,NE,17,0.0
2021_17_JAX_NE,NE,run,182.0,0.0,0.0,10,50,JAX,NE,17,0.0
2021_17_KC_CIN,CIN,pass,415.0,0.0,0.0,31,34,KC,CIN,17,0.0
2021_17_KC_CIN,CIN,run,60.0,0.0,0.0,31,34,KC,CIN,17,0.0
2021_17_KC_CIN,KC,pass,259.0,0.0,0.0,31,34,KC,CIN,17,0.0
2021_17_KC_CIN,KC,run,155.0,0.0,0.0,31,34,KC,CIN,17,0.0
2021_17_LA_BAL,BAL,pass,162.0,1.0,1.0,20,19,LA,BAL,17,2.0
2021_17_LA_BAL,BAL,run,165.0,0.0,0.0,20,19,LA,BAL,17,0.0
2021_17_LA_BAL,LA,pass,300.0,1.0,2.0,20,19,LA,BAL,17,3.0
2021_17_LA_BAL,LA,run,74.0,0.0,0.0,20,19,LA,BAL,17,0.0
2021_17_LV_IND,IND,pass,140.0,0.0,0.0,23,20,LV,IND,17,0.0
2021_17_LV_IND,IND,run,122.0,0.0,0.0,23,20,LV,IND,17,0.0
2021_17_LV_IND,LV,pass,241.0,0.0,2.0,23,20,LV,IND,17,2.0
2021_17_LV_IND,LV,run,85.0,0.0,0.0,23,20,LV,IND,17,0.0
2021_17_MIA_TEN,MIA,pass,182.0,1.0,1.0,3,34,MIA,TEN,17,2.0
2021_17_MIA_TEN,MIA,run,74.0,0.0,0.0,3,34,MIA,TEN,17,0.0
2021_17_MIA_TEN,TEN,pass,110.0,0.0,0.0,3,34,MIA,TEN,17,0.0
2021_17_MIA_TEN,TEN,run,198.0,0.0,0.0,3,34,MIA,TEN,17,0.0
2021_17_MIN_GB,GB,pass,307.0,0.0,0.0,10,37,MIN,GB,17,0.0
2021_17_MIN_GB,GB,run,175.0,0.0,0.0,10,37,MIN,GB,17,0.0
2021_17_MIN_GB,MIN,pass,179.0,0.0,0.0,10,37,MIN,GB,17,0.0
2021_17_MIN_GB,MIN,run,27.0,0.0,0.0,10,37,MIN,GB,17,0.0
2021_17_NYG_CHI,CHI,pass,162.0,0.0,2.0,3,29,NYG,CHI,17,2.0
2021_17_NYG_CHI,CHI,run,87.0,0.0,0.0,3,29,NYG,CHI,17,0.0
2021_17_NYG_CHI,NYG,pass,-6.0,2.0,2.0,3,29,NYG,CHI,17,4.0
2021_17_NYG_CHI,NYG,run,161.0,0.0,0.0,3,29,NYG,CHI,17,0.0
2021_17_PHI_WAS,PHI,pass,212.0,0.0,0.0,20,16,PHI,WAS,17,0.0
2021_17_PHI_WAS,PHI,run,119.0,0.0,0.0,20,16,PHI,WAS,17,0.0
2021_17_PHI_WAS,WAS,pass,218.0,0.0,1.0,20,16,PHI,WAS,17,1.0
2021_17_PHI_WAS,WAS,run,94.0,0.0,0.0,20,16,PHI,WAS,17,0.0
2021_17_TB_NYJ,NYJ,pass,224.0,1.0,0.0,28,24,TB,NYJ,17,1.0
2021_17_TB_NYJ,NYJ,run,150.0,0.0,0.0,28,24,TB,NYJ,17,0.0
2021_17_TB_NYJ,TB,pass,405.0,0.0,1.0,28,24,TB,NYJ,17,1.0
2021_17_TB_NYJ,TB,run,64.0,0.0,0.0,28,24,TB,NYJ,17,0.0
2021_18_CAR_TB,CAR,pass,207.0,0.0,1.0,17,41,CAR,TB,18,1.0
2021_18_CAR_TB,CAR,run,111.0,1.0,0.0,17,41,CAR,TB,18,1.0
2021_18_CAR_TB,TB,pass,324.0,0.0,0.0,17,41,CAR,TB,18,0.0
2021_18_CAR_TB,TB,run,86.0,0.0,0.0,17,41,CAR,TB,18,0.0
2021_18_CHI_MIN,CHI,pass,268.0,0.0,2.0,17,31,CHI,MIN,18,2.0
2021_18_CHI_MIN,CHI,run,90.0,0.0,0.0,17,31,CHI,MIN,18,0.0
2021_18_CHI_MIN,MIN,pass,227.0,0.0,0.0,17,31,CHI,MIN,18,0.0
2021_18_CHI_MIN,MIN,run,105.0,0.0,0.0,17,31,CHI,MIN,18,0.0
2021_18_CIN_CLE,CIN,pass,103.0,0.0,0.0,16,21,CIN,CLE,18,0.0
2021_18_CIN_CLE,CIN,run,79.0,0.0,0.0,16,21,CIN,CLE,18,0.0
2021_18_CIN_CLE,CLE,pass,171.0,1.0,1.0,16,21,CIN,CLE,18,2.0
2021_18_CIN_CLE,CLE,run,206.0,0.0,0.0,16,21,CIN,CLE,18,0.0
2021_18_DAL_PHI,DAL,pass,304.0,0.0,0.0,51,26,DAL,PHI,18,0.0
2021_18_DAL_PHI,DAL,run,175.0,0.0,0.0,51,26,DAL,PHI,18,0.0
2021_18_DAL_PHI,PHI,pass,166.0,0.0,1.0,51,26,DAL,PHI,18,1.0
2021_18_DAL_PHI,PHI,run,150.0,0.0,0.0,51,26,DAL,PHI,18,0.0
2021_18_GB_DET,DET,pass,305.0,0.0,0.0,30,37,GB,DET,18,0.0
2021_18_GB_DET,DET,run,100.0,0.0,0.0,30,37,GB,DET,18,0.0
2021_18_GB_DET,GB,pass,256.0,1.0,2.0,30,37,GB,DET,18,3.0
2021_18_GB_DET,GB,run,125.0,0.0,0.0,30,37,GB,DET,18,0.0
2021_18_IND_JAX,IND,pass,141.0,1.0,1.0,11,26,IND,JAX,18,2.0
2021_18_IND_JAX,IND,run,94.0,0.0,0.0,11,26,IND,JAX,18,0.0
2021_18_IND_JAX,JAX,pass,217.0,0.0,0.0,11,26,IND,JAX,18,0.0
2021_18_IND_JAX,JAX,run,105.0,0.0,0.0,11,26,IND,JAX,18,0.0
2021_18_KC_DEN,DEN,pass,173.0,0.0,0.0,28,24,KC,DEN,18,0.0
2021_18_KC_DEN,DEN,run,191.0,1.0,0.0,28,24,KC,DEN,18,1.0
2021_18_KC_DEN,KC,pass,255.0,0.0,0.0,28,24,KC,DEN,18,0.0
2021_18_KC_DEN,KC,run,141.0,0.0,0.0,28,24,KC,DEN,18,0.0
2021_18_LAC_LV,LAC,pass,357.0,0.0,1.0,32,35,LAC,LV,18,1.0
2021_18_LAC_LV,LAC,run,85.0,0.0,0.0,32,35,LAC,LV,18,0.0
2021_18_LAC_LV,LV,pass,172.0,0.0,0.0,32,35,LAC,LV,18,0.0
2021_18_LAC_LV,LV,run,175.0,0.0,0.0,32,35,LAC,LV,18,0.0
2021_18_NE_MIA,MIA,pass,103.0,0.0,0.0,24,33,NE,MIA,18,0.0
2021_18_NE_MIA,MIA,run,195.0,0.0,0.0,24,33,NE,MIA,18,0.0
2021_18_NE_MIA,NE,pass,245.0,1.0,1.0,24,33,NE,MIA,18,2.0
2021_18_NE_MIA,NE,run,134.0,1.0,0.0,24,33,NE,MIA,18,1.0
2021_18_NO_ATL,ATL,pass,195.0,2.0,1.0,30,20,NO,ATL,18,3.0
2021_18_NO_ATL,ATL,run,62.0,0.0,0.0,30,20,NO,ATL,18,0.0
2021_18_NO_ATL,NO,pass,174.0,0.0,0.0,30,20,NO,ATL,18,0.0
2021_18_NO_ATL,NO,run,196.0,0.0,0.0,30,20,NO,ATL,18,0.0
2021_18_NYJ_BUF,BUF,pass,254.0,0.0,0.0,10,27,NYJ,BUF,18,0.0
2021_18_NYJ_BUF,BUF,run,173.0,0.0,0.0,10,27,NYJ,BUF,18,0.0
2021_18_NYJ_BUF,NYJ,pass,5.0,0.0,0.0,10,27,NYJ,BUF,18,0.0
2021_18_NYJ_BUF,NYJ,run,48.0,0.0,0.0,10,27,NYJ,BUF,18,0.0
2021_18_PIT_BAL,BAL,pass,132.0,0.0,2.0,16,13,PIT,BAL,18,2.0
2021_18_PIT_BAL,BAL,run,249.0,1.0,0.0,16,13,PIT,BAL,18,1.0
2021_18_PIT_BAL,PIT,pass,235.0,0.0,1.0,16,13,PIT,BAL,18,1.0
2021_18_PIT_BAL,PIT,run,83.0,0.0,0.0,16,13,PIT,BAL,18,0.0
2021_18_SEA_ARI,ARI,pass,187.0,0.0,0.0,38,30,SEA,ARI,18,0.0
2021_18_SEA_ARI,ARI,run,118.0,1.0,0.0,38,30,SEA,ARI,18,1.0
2021_18_SEA_ARI,SEA,pass,229.0,1.0,1.0,38,30,SEA,ARI,18,2.0
2021_18_SEA_ARI,SEA,run,203.0,0.0,0.0,38,30,SEA,ARI,18,0.0
2021_18_SF_LA,LA,pass,201.0,0.0,2.0,27,24,SF,LA,18,2.0
2021_18_SF_LA,LA,run,64.0,0.0,0.0,27,24,SF,LA,18,0.0
2021_18_SF_LA,SF,pass,314.0,0.0,2.0,27,24,SF,LA,18,2.0
2021_18_SF_LA,SF,run,135.0,0.0,0.0,27,24,SF,LA,18,0.0
2021_18_TEN_HOU,HOU,pass,291.0,0.0,0.0,28,25,TEN,HOU,18,0.0
2021_18_TEN_HOU,HOU,run,66.0,0.0,0.0,28,25,TEN,HOU,18,0.0
2021_18_TEN_HOU,TEN,pass,281.0,0.0,0.0,28,25,TEN,HOU,18,0.0
2021_18_TEN_HOU,TEN,run,126.0,0.0,0.0,28,25,TEN,HOU,18,0.0
2021_18_WAS_NYG,NYG,pass,83.0,1.0,2.0,22,7,WAS,NYG,18,3.0
2021_18_WAS_NYG,NYG,run,94.0,0.0,0.0,22,7,WAS,NYG,18,0.0
2021_18_WAS_NYG,WAS,pass,99.0,0.0,0.0,22,7,WAS,NYG,18,0.0
2021_18_WAS_NYG,WAS,run,226.0,0.0,0.0,22,7,WAS,NYG,18,0.0
2021_19_ARI_LA,ARI,pass,122.0,0.0,2.0,11,34,ARI,LA,19,2.0
2021_19_ARI_LA,ARI,run,61.0,0.0,0.0,11,34,ARI,LA,19,0.0
2021_19_ARI_LA,LA,pass,235.0,0.0,0.0,11,34,ARI,LA,19,0.0
2021_19_ARI_LA,LA,run,140.0,0.0,0.0,11,34,ARI,LA,19,0.0
2021_19_LV_CIN,CIN,pass,225.0,0.0,0.0,19,26,LV,CIN,19,0.0
2021_19_LV_CIN,CIN,run,85.0,0.0,0.0,19,26,LV,CIN,19,0.0
2021_19_LV_CIN,LV,pass,282.0,1.0,1.0,19,26,LV,CIN,19,2.0
2021_19_LV_CIN,LV,run,103.0,0.0,0.0,19,26,LV,CIN,19,0.0
2021_19_NE_BUF,BUF,pass,308.0,0.0,0.0,17,47,NE,BUF,19,0.0
2021_19_NE_BUF,BUF,run,176.0,0.0,0.0,17,47,NE,BUF,19,0.0
2021_19_NE_BUF,NE,pass,216.0,0.0,2.0,17,47,NE,BUF,19,2.0
2021_19_NE_BUF,NE,run,89.0,0.0,0.0,17,47,NE,BUF,19,0.0
2021_19_PHI_TB,PHI,pass,246.0,0.0,2.0,15,31,PHI,TB,19,2.0
2021_19_PHI_TB,PHI,run,95.0,0.0,0.0,15,31,PHI,TB,19,0.0
2021_19_PHI_TB,TB,pass,243.0,0.0,0.0,15,31,PHI,TB,19,0.0
2021_19_PHI_TB,TB,run,106.0,0.0,0.0,15,31,PHI,TB,19,0.0
2021_19_PIT_KC,KC,pass,372.0,0.0,1.0,21,42,PIT,KC,19,1.0
2021_19_PIT_KC,KC,run,106.0,1.0,0.0,21,42,PIT,KC,19,1.0
2021_19_PIT_KC,PIT,pass,201.0,1.0,0.0,21,42,PIT,KC,19,1.0
2021_19_PIT_KC,PIT,run,57.0,0.0,0.0,21,42,PIT,KC,19,0.0
2021_19_SF_DAL,DAL,pass,230.0,0.0,1.0,23,17,SF,DAL,19,1.0
2021_19_SF_DAL,DAL,run,77.0,0.0,0.0,23,17,SF,DAL,19,0.0
2021_19_SF_DAL,SF,pass,172.0,0.0,1.0,23,17,SF,DAL,19,1.0
2021_19_SF_DAL,SF,run,169.0,0.0,0.0,23,17,SF,DAL,19,0.0
2021_20_BUF_KC,BUF,pass,315.0,0.0,0.0,36,42,BUF,KC,20,0.0
2021_20_BUF_KC,BUF,run,109.0,0.0,0.0,36,42,BUF,KC,20,0.0
2021_20_BUF_KC,KC,pass,370.0,0.0,0.0,36,42,BUF,KC,20,0.0
2021_20_BUF_KC,KC,run,182.0,0.0,0.0,36,42,BUF,KC,20,0.0
2021_20_CIN_TEN,CIN,pass,280.0,0.0,1.0,19,16,CIN,TEN,20,1.0
2021_20_CIN_TEN,CIN,run,65.0,0.0,0.0,19,16,CIN,TEN,20,0.0
2021_20_CIN_TEN,TEN,pass,213.0,0.0,3.0,19,16,CIN,TEN,20,3.0
2021_20_CIN_TEN,TEN,run,140.0,0.0,0.0,19,16,CIN,TEN,20,0.0
2021_20_LA_TB,LA,pass,355.0,1.0,0.0,30,27,LA,TB,20,1.0
2021_20_LA_TB,LA,run,73.0,3.0,0.0,30,27,LA,TB,20,3.0
2021_20_LA_TB,TB,pass,308.0,1.0,1.0,30,27,LA,TB,20,2.0
2021_20_LA_TB,TB,run,51.0,0.0,0.0,30,27,LA,TB,20,0.0
2021_20_SF_GB,GB,pass,196.0,1.0,0.0,13,10,SF,GB,20,1.0
2021_20_SF_GB,GB,run,67.0,0.0,0.0,13,10,SF,GB,20,0.0
2021_20_SF_GB,SF,pass,106.0,0.0,1.0,13,10,SF,GB,20,1.0
2021_20_SF_GB,SF,run,106.0,0.0,0.0,13,10,SF,GB,20,0.0
2021_21_CIN_KC,CIN,pass,245.0,0.0,1.0,27,24,CIN,KC,21,1.0
2021_21_CIN_KC,CIN,run,116.0,0.0,0.0,27,24,CIN,KC,21,0.0
2021_21_CIN_KC,KC,pass,236.0,0.0,2.0,27,24,CIN,KC,21,2.0
2021_21_CIN_KC,KC,run,139.0,0.0,0.0,27,24,CIN,KC,21,0.0
2021_21_SF_LA,LA,pass,326.0,0.0,1.0,17,20,SF,LA,21,1.0
2021_21_SF_LA,LA,run,76.0,0.0,0.0,17,20,SF,LA,21,0.0
2021_21_SF_LA,SF,pass,232.0,0.0,1.0,17,20,SF,LA,21,1.0
2021_21_SF_LA,SF,run,50.0,0.0,0.0,17,20,SF,LA,21,0.0
2021_22_LA_CIN,CIN,pass,226.0,0.0,0.0,23,20,LA,CIN,22,0.0
2021_22_LA_CIN,CIN,run,80.0,0.0,0.0,23,20,LA,CIN,22,0.0
2021_22_LA_CIN,LA,pass,270.0,0.0,2.0,23,20,LA,CIN,22,2.0
2021_22_LA_CIN,LA,run,44.0,0.0,0.0,23,20,LA,CIN,22,0.0
